--
-- PostgreSQL database dump
--

-- Dumped from database version 15.1 (Debian 15.1-1.pgdg110+1)
-- Dumped by pg_dump version 15.1 (Debian 15.1-1.pgdg110+1)

SET statement_timeout = 0;
SET lock_timeout = 0;
SET idle_in_transaction_session_timeout = 0;
SET client_encoding = 'UTF8';
SET standard_conforming_strings = on;
SELECT pg_catalog.set_config('search_path', '', false);
SET check_function_bodies = false;
SET xmloption = content;
SET client_min_messages = warning;
SET row_security = off;

SET default_tablespace = '';

SET default_table_access_method = heap;

--
-- Name: auth_group; Type: TABLE; Schema: public; Owner: user_db_ideas
--

CREATE TABLE public.auth_group (
    id integer NOT NULL,
    name character varying(150) NOT NULL
);


ALTER TABLE public.auth_group OWNER TO user_db_ideas;

--
-- Name: auth_group_id_seq; Type: SEQUENCE; Schema: public; Owner: user_db_ideas
--

ALTER TABLE public.auth_group ALTER COLUMN id ADD GENERATED BY DEFAULT AS IDENTITY (
    SEQUENCE NAME public.auth_group_id_seq
    START WITH 1
    INCREMENT BY 1
    NO MINVALUE
    NO MAXVALUE
    CACHE 1
);


--
-- Name: auth_group_permissions; Type: TABLE; Schema: public; Owner: user_db_ideas
--

CREATE TABLE public.auth_group_permissions (
    id bigint NOT NULL,
    group_id integer NOT NULL,
    permission_id integer NOT NULL
);


ALTER TABLE public.auth_group_permissions OWNER TO user_db_ideas;

--
-- Name: auth_group_permissions_id_seq; Type: SEQUENCE; Schema: public; Owner: user_db_ideas
--

ALTER TABLE public.auth_group_permissions ALTER COLUMN id ADD GENERATED BY DEFAULT AS IDENTITY (
    SEQUENCE NAME public.auth_group_permissions_id_seq
    START WITH 1
    INCREMENT BY 1
    NO MINVALUE
    NO MAXVALUE
    CACHE 1
);


--
-- Name: auth_permission; Type: TABLE; Schema: public; Owner: user_db_ideas
--

CREATE TABLE public.auth_permission (
    id integer NOT NULL,
    name character varying(255) NOT NULL,
    content_type_id integer NOT NULL,
    codename character varying(100) NOT NULL
);


ALTER TABLE public.auth_permission OWNER TO user_db_ideas;

--
-- Name: auth_permission_id_seq; Type: SEQUENCE; Schema: public; Owner: user_db_ideas
--

ALTER TABLE public.auth_permission ALTER COLUMN id ADD GENERATED BY DEFAULT AS IDENTITY (
    SEQUENCE NAME public.auth_permission_id_seq
    START WITH 1
    INCREMENT BY 1
    NO MINVALUE
    NO MAXVALUE
    CACHE 1
);


--
-- Name: django_admin_log; Type: TABLE; Schema: public; Owner: user_db_ideas
--

CREATE TABLE public.django_admin_log (
    id integer NOT NULL,
    action_time timestamp with time zone NOT NULL,
    object_id text,
    object_repr character varying(200) NOT NULL,
    action_flag smallint NOT NULL,
    change_message text NOT NULL,
    content_type_id integer,
    user_id bigint NOT NULL,
    CONSTRAINT django_admin_log_action_flag_check CHECK ((action_flag >= 0))
);


ALTER TABLE public.django_admin_log OWNER TO user_db_ideas;

--
-- Name: django_admin_log_id_seq; Type: SEQUENCE; Schema: public; Owner: user_db_ideas
--

ALTER TABLE public.django_admin_log ALTER COLUMN id ADD GENERATED BY DEFAULT AS IDENTITY (
    SEQUENCE NAME public.django_admin_log_id_seq
    START WITH 1
    INCREMENT BY 1
    NO MINVALUE
    NO MAXVALUE
    CACHE 1
);


--
-- Name: django_content_type; Type: TABLE; Schema: public; Owner: user_db_ideas
--

CREATE TABLE public.django_content_type (
    id integer NOT NULL,
    app_label character varying(100) NOT NULL,
    model character varying(100) NOT NULL
);


ALTER TABLE public.django_content_type OWNER TO user_db_ideas;

--
-- Name: django_content_type_id_seq; Type: SEQUENCE; Schema: public; Owner: user_db_ideas
--

ALTER TABLE public.django_content_type ALTER COLUMN id ADD GENERATED BY DEFAULT AS IDENTITY (
    SEQUENCE NAME public.django_content_type_id_seq
    START WITH 1
    INCREMENT BY 1
    NO MINVALUE
    NO MAXVALUE
    CACHE 1
);


--
-- Name: django_migrations; Type: TABLE; Schema: public; Owner: user_db_ideas
--

CREATE TABLE public.django_migrations (
    id bigint NOT NULL,
    app character varying(255) NOT NULL,
    name character varying(255) NOT NULL,
    applied timestamp with time zone NOT NULL
);


ALTER TABLE public.django_migrations OWNER TO user_db_ideas;

--
-- Name: django_migrations_id_seq; Type: SEQUENCE; Schema: public; Owner: user_db_ideas
--

ALTER TABLE public.django_migrations ALTER COLUMN id ADD GENERATED BY DEFAULT AS IDENTITY (
    SEQUENCE NAME public.django_migrations_id_seq
    START WITH 1
    INCREMENT BY 1
    NO MINVALUE
    NO MAXVALUE
    CACHE 1
);


--
-- Name: django_session; Type: TABLE; Schema: public; Owner: user_db_ideas
--

CREATE TABLE public.django_session (
    session_key character varying(40) NOT NULL,
    session_data text NOT NULL,
    expire_date timestamp with time zone NOT NULL
);


ALTER TABLE public.django_session OWNER TO user_db_ideas;

--
-- Name: domain_domain; Type: TABLE; Schema: public; Owner: user_db_ideas
--

CREATE TABLE public.domain_domain (
    id bigint NOT NULL,
    domain character varying(50) NOT NULL
);


ALTER TABLE public.domain_domain OWNER TO user_db_ideas;

--
-- Name: domain_domain_id_seq; Type: SEQUENCE; Schema: public; Owner: user_db_ideas
--

ALTER TABLE public.domain_domain ALTER COLUMN id ADD GENERATED BY DEFAULT AS IDENTITY (
    SEQUENCE NAME public.domain_domain_id_seq
    START WITH 1
    INCREMENT BY 1
    NO MINVALUE
    NO MAXVALUE
    CACHE 1
);


--
-- Name: organizations_department; Type: TABLE; Schema: public; Owner: user_db_ideas
--

CREATE TABLE public.organizations_department (
    id bigint NOT NULL,
    name character varying(100) NOT NULL,
    organization_id bigint,
    head_of_department_id bigint
);


ALTER TABLE public.organizations_department OWNER TO user_db_ideas;

--
-- Name: organizations_department_id_seq; Type: SEQUENCE; Schema: public; Owner: user_db_ideas
--

ALTER TABLE public.organizations_department ALTER COLUMN id ADD GENERATED BY DEFAULT AS IDENTITY (
    SEQUENCE NAME public.organizations_department_id_seq
    START WITH 1
    INCREMENT BY 1
    NO MINVALUE
    NO MAXVALUE
    CACHE 1
);


--
-- Name: organizations_organization; Type: TABLE; Schema: public; Owner: user_db_ideas
--

CREATE TABLE public.organizations_organization (
    id bigint NOT NULL,
    name character varying(100) NOT NULL
);


ALTER TABLE public.organizations_organization OWNER TO user_db_ideas;

--
-- Name: organizations_organization_id_seq; Type: SEQUENCE; Schema: public; Owner: user_db_ideas
--

ALTER TABLE public.organizations_organization ALTER COLUMN id ADD GENERATED BY DEFAULT AS IDENTITY (
    SEQUENCE NAME public.organizations_organization_id_seq
    START WITH 1
    INCREMENT BY 1
    NO MINVALUE
    NO MAXVALUE
    CACHE 1
);


--
-- Name: queries_assignedexperts; Type: TABLE; Schema: public; Owner: user_db_ideas
--

CREATE TABLE public.queries_assignedexperts (
    id bigint NOT NULL,
    direction_id bigint NOT NULL,
    expert_id bigint NOT NULL
);


ALTER TABLE public.queries_assignedexperts OWNER TO user_db_ideas;

--
-- Name: queries_assignedexperts_id_seq; Type: SEQUENCE; Schema: public; Owner: user_db_ideas
--

ALTER TABLE public.queries_assignedexperts ALTER COLUMN id ADD GENERATED BY DEFAULT AS IDENTITY (
    SEQUENCE NAME public.queries_assignedexperts_id_seq
    START WITH 1
    INCREMENT BY 1
    NO MINVALUE
    NO MAXVALUE
    CACHE 1
);


--
-- Name: queries_direction; Type: TABLE; Schema: public; Owner: user_db_ideas
--

CREATE TABLE public.queries_direction (
    id bigint NOT NULL,
    name character varying(50) NOT NULL,
    description character varying(10000) NOT NULL
);


ALTER TABLE public.queries_direction OWNER TO user_db_ideas;

--
-- Name: queries_direction_id_seq; Type: SEQUENCE; Schema: public; Owner: user_db_ideas
--

ALTER TABLE public.queries_direction ALTER COLUMN id ADD GENERATED BY DEFAULT AS IDENTITY (
    SEQUENCE NAME public.queries_direction_id_seq
    START WITH 1
    INCREMENT BY 1
    NO MINVALUE
    NO MAXVALUE
    CACHE 1
);


--
-- Name: queries_querycomment; Type: TABLE; Schema: public; Owner: user_db_ideas
--

CREATE TABLE public.queries_querycomment (
    id bigint NOT NULL,
    comment_text character varying(10000) NOT NULL,
    created_at timestamp with time zone NOT NULL,
    query_id bigint NOT NULL,
    user_id bigint NOT NULL
);


ALTER TABLE public.queries_querycomment OWNER TO user_db_ideas;

--
-- Name: queries_querycomment_id_seq; Type: SEQUENCE; Schema: public; Owner: user_db_ideas
--

ALTER TABLE public.queries_querycomment ALTER COLUMN id ADD GENERATED BY DEFAULT AS IDENTITY (
    SEQUENCE NAME public.queries_querycomment_id_seq
    START WITH 1
    INCREMENT BY 1
    NO MINVALUE
    NO MAXVALUE
    CACHE 1
);


--
-- Name: queries_queryfile; Type: TABLE; Schema: public; Owner: user_db_ideas
--

CREATE TABLE public.queries_queryfile (
    id bigint NOT NULL,
    file character varying(100) NOT NULL,
    query_id bigint NOT NULL,
    query_draft_id bigint
);


ALTER TABLE public.queries_queryfile OWNER TO user_db_ideas;

--
-- Name: queries_queryfile_id_seq; Type: SEQUENCE; Schema: public; Owner: user_db_ideas
--

ALTER TABLE public.queries_queryfile ALTER COLUMN id ADD GENERATED BY DEFAULT AS IDENTITY (
    SEQUENCE NAME public.queries_queryfile_id_seq
    START WITH 1
    INCREMENT BY 1
    NO MINVALUE
    NO MAXVALUE
    CACHE 1
);


--
-- Name: queries_userquery; Type: TABLE; Schema: public; Owner: user_db_ideas
--

CREATE TABLE public.queries_userquery (
    id bigint NOT NULL,
    date date NOT NULL,
    name character varying(100) NOT NULL,
    description character varying(10000) NOT NULL,
    implementation_effect character varying(10000) NOT NULL,
    status character varying(200) NOT NULL,
    initiative_direction_id bigint NOT NULL,
    organization_id bigint NOT NULL,
    department_id bigint,
    planned_implementation_date date
);


ALTER TABLE public.queries_userquery OWNER TO user_db_ideas;

--
-- Name: queries_userquery_expert_users; Type: TABLE; Schema: public; Owner: user_db_ideas
--

CREATE TABLE public.queries_userquery_expert_users (
    id bigint NOT NULL,
    userquery_id bigint NOT NULL,
    user_id bigint NOT NULL
);


ALTER TABLE public.queries_userquery_expert_users OWNER TO user_db_ideas;

--
-- Name: queries_userquery_expert_users_id_seq; Type: SEQUENCE; Schema: public; Owner: user_db_ideas
--

ALTER TABLE public.queries_userquery_expert_users ALTER COLUMN id ADD GENERATED BY DEFAULT AS IDENTITY (
    SEQUENCE NAME public.queries_userquery_expert_users_id_seq
    START WITH 1
    INCREMENT BY 1
    NO MINVALUE
    NO MAXVALUE
    CACHE 1
);


--
-- Name: queries_userquery_id_seq; Type: SEQUENCE; Schema: public; Owner: user_db_ideas
--

ALTER TABLE public.queries_userquery ALTER COLUMN id ADD GENERATED BY DEFAULT AS IDENTITY (
    SEQUENCE NAME public.queries_userquery_id_seq
    START WITH 1
    INCREMENT BY 1
    NO MINVALUE
    NO MAXVALUE
    CACHE 1
);


--
-- Name: queries_userquery_initiator_users; Type: TABLE; Schema: public; Owner: user_db_ideas
--

CREATE TABLE public.queries_userquery_initiator_users (
    id bigint NOT NULL,
    userquery_id bigint NOT NULL,
    user_id bigint NOT NULL
);


ALTER TABLE public.queries_userquery_initiator_users OWNER TO user_db_ideas;

--
-- Name: queries_userquery_initiator_users_id_seq; Type: SEQUENCE; Schema: public; Owner: user_db_ideas
--

ALTER TABLE public.queries_userquery_initiator_users ALTER COLUMN id ADD GENERATED BY DEFAULT AS IDENTITY (
    SEQUENCE NAME public.queries_userquery_initiator_users_id_seq
    START WITH 1
    INCREMENT BY 1
    NO MINVALUE
    NO MAXVALUE
    CACHE 1
);


--
-- Name: queries_userquery_responsible_user; Type: TABLE; Schema: public; Owner: user_db_ideas
--

CREATE TABLE public.queries_userquery_responsible_user (
    id bigint NOT NULL,
    userquery_id bigint NOT NULL,
    user_id bigint NOT NULL
);


ALTER TABLE public.queries_userquery_responsible_user OWNER TO user_db_ideas;

--
-- Name: queries_userquery_responsible_user_id_seq; Type: SEQUENCE; Schema: public; Owner: user_db_ideas
--

ALTER TABLE public.queries_userquery_responsible_user ALTER COLUMN id ADD GENERATED BY DEFAULT AS IDENTITY (
    SEQUENCE NAME public.queries_userquery_responsible_user_id_seq
    START WITH 1
    INCREMENT BY 1
    NO MINVALUE
    NO MAXVALUE
    CACHE 1
);


--
-- Name: queries_userquerydraft; Type: TABLE; Schema: public; Owner: user_db_ideas
--

CREATE TABLE public.queries_userquerydraft (
    id bigint NOT NULL,
    date date NOT NULL,
    name character varying(100) NOT NULL,
    description character varying(10000) NOT NULL,
    implementation_effect character varying(10000) NOT NULL,
    initiative_direction_id bigint NOT NULL,
    organization_id bigint NOT NULL
);


ALTER TABLE public.queries_userquerydraft OWNER TO user_db_ideas;

--
-- Name: queries_userquerydraft_id_seq; Type: SEQUENCE; Schema: public; Owner: user_db_ideas
--

ALTER TABLE public.queries_userquerydraft ALTER COLUMN id ADD GENERATED BY DEFAULT AS IDENTITY (
    SEQUENCE NAME public.queries_userquerydraft_id_seq
    START WITH 1
    INCREMENT BY 1
    NO MINVALUE
    NO MAXVALUE
    CACHE 1
);


--
-- Name: queries_userquerydraft_initiator_users; Type: TABLE; Schema: public; Owner: user_db_ideas
--

CREATE TABLE public.queries_userquerydraft_initiator_users (
    id bigint NOT NULL,
    userquerydraft_id bigint NOT NULL,
    user_id bigint NOT NULL
);


ALTER TABLE public.queries_userquerydraft_initiator_users OWNER TO user_db_ideas;

--
-- Name: queries_userquerydraft_initiator_users_id_seq; Type: SEQUENCE; Schema: public; Owner: user_db_ideas
--

ALTER TABLE public.queries_userquerydraft_initiator_users ALTER COLUMN id ADD GENERATED BY DEFAULT AS IDENTITY (
    SEQUENCE NAME public.queries_userquerydraft_initiator_users_id_seq
    START WITH 1
    INCREMENT BY 1
    NO MINVALUE
    NO MAXVALUE
    CACHE 1
);


--
-- Name: reg_authtoken; Type: TABLE; Schema: public; Owner: user_db_ideas
--

CREATE TABLE public.reg_authtoken (
    id bigint NOT NULL,
    email character varying(254) NOT NULL,
    token character varying(6) NOT NULL,
    created_at timestamp with time zone NOT NULL,
    password character varying NOT NULL
);


ALTER TABLE public.reg_authtoken OWNER TO user_db_ideas;

--
-- Name: reg_authtoken_id_seq; Type: SEQUENCE; Schema: public; Owner: user_db_ideas
--

ALTER TABLE public.reg_authtoken ALTER COLUMN id ADD GENERATED BY DEFAULT AS IDENTITY (
    SEQUENCE NAME public.reg_authtoken_id_seq
    START WITH 1
    INCREMENT BY 1
    NO MINVALUE
    NO MAXVALUE
    CACHE 1
);


--
-- Name: reg_passwordchangetoken; Type: TABLE; Schema: public; Owner: user_db_ideas
--

CREATE TABLE public.reg_passwordchangetoken (
    id bigint NOT NULL,
    email character varying(254) NOT NULL,
    token character varying(6) NOT NULL,
    created_at timestamp with time zone NOT NULL
);


ALTER TABLE public.reg_passwordchangetoken OWNER TO user_db_ideas;

--
-- Name: reg_passwordchangetoken_id_seq; Type: SEQUENCE; Schema: public; Owner: user_db_ideas
--

ALTER TABLE public.reg_passwordchangetoken ALTER COLUMN id ADD GENERATED BY DEFAULT AS IDENTITY (
    SEQUENCE NAME public.reg_passwordchangetoken_id_seq
    START WITH 1
    INCREMENT BY 1
    NO MINVALUE
    NO MAXVALUE
    CACHE 1
);


--
-- Name: settings_settings; Type: TABLE; Schema: public; Owner: user_db_ideas
--

CREATE TABLE public.settings_settings (
    id bigint NOT NULL,
    max_file_size integer NOT NULL,
    max_files_attached integer NOT NULL,
    anonymous_status boolean NOT NULL,
    allow_file_attachment boolean NOT NULL,
    assignment_settings character varying NOT NULL
);


ALTER TABLE public.settings_settings OWNER TO user_db_ideas;

--
-- Name: settings_settings_id_seq; Type: SEQUENCE; Schema: public; Owner: user_db_ideas
--

ALTER TABLE public.settings_settings ALTER COLUMN id ADD GENERATED BY DEFAULT AS IDENTITY (
    SEQUENCE NAME public.settings_settings_id_seq
    START WITH 1
    INCREMENT BY 1
    NO MINVALUE
    NO MAXVALUE
    CACHE 1
);


--
-- Name: users_user; Type: TABLE; Schema: public; Owner: user_db_ideas
--

CREATE TABLE public.users_user (
    id bigint NOT NULL,
    password character varying(128) NOT NULL,
    last_login timestamp with time zone,
    is_superuser boolean NOT NULL,
    username character varying(150) NOT NULL,
    first_name character varying(150) NOT NULL,
    last_name character varying(150) NOT NULL,
    is_staff boolean NOT NULL,
    is_active boolean NOT NULL,
    date_joined timestamp with time zone NOT NULL,
    name character varying(100) NOT NULL,
    email character varying(254) NOT NULL,
    is_verified boolean NOT NULL,
    department_id bigint
);


ALTER TABLE public.users_user OWNER TO user_db_ideas;

--
-- Name: users_user_groups; Type: TABLE; Schema: public; Owner: user_db_ideas
--

CREATE TABLE public.users_user_groups (
    id bigint NOT NULL,
    user_id bigint NOT NULL,
    group_id integer NOT NULL
);


ALTER TABLE public.users_user_groups OWNER TO user_db_ideas;

--
-- Name: users_user_groups_id_seq; Type: SEQUENCE; Schema: public; Owner: user_db_ideas
--

ALTER TABLE public.users_user_groups ALTER COLUMN id ADD GENERATED BY DEFAULT AS IDENTITY (
    SEQUENCE NAME public.users_user_groups_id_seq
    START WITH 1
    INCREMENT BY 1
    NO MINVALUE
    NO MAXVALUE
    CACHE 1
);


--
-- Name: users_user_id_seq; Type: SEQUENCE; Schema: public; Owner: user_db_ideas
--

ALTER TABLE public.users_user ALTER COLUMN id ADD GENERATED BY DEFAULT AS IDENTITY (
    SEQUENCE NAME public.users_user_id_seq
    START WITH 1
    INCREMENT BY 1
    NO MINVALUE
    NO MAXVALUE
    CACHE 1
);


--
-- Name: users_user_likes; Type: TABLE; Schema: public; Owner: user_db_ideas
--

CREATE TABLE public.users_user_likes (
    id bigint NOT NULL,
    user_id bigint NOT NULL,
    userquery_id bigint NOT NULL
);


ALTER TABLE public.users_user_likes OWNER TO user_db_ideas;

--
-- Name: users_user_likes_id_seq; Type: SEQUENCE; Schema: public; Owner: user_db_ideas
--

ALTER TABLE public.users_user_likes ALTER COLUMN id ADD GENERATED BY DEFAULT AS IDENTITY (
    SEQUENCE NAME public.users_user_likes_id_seq
    START WITH 1
    INCREMENT BY 1
    NO MINVALUE
    NO MAXVALUE
    CACHE 1
);


--
-- Name: users_user_user_permissions; Type: TABLE; Schema: public; Owner: user_db_ideas
--

CREATE TABLE public.users_user_user_permissions (
    id bigint NOT NULL,
    user_id bigint NOT NULL,
    permission_id integer NOT NULL
);


ALTER TABLE public.users_user_user_permissions OWNER TO user_db_ideas;

--
-- Name: users_user_user_permissions_id_seq; Type: SEQUENCE; Schema: public; Owner: user_db_ideas
--

ALTER TABLE public.users_user_user_permissions ALTER COLUMN id ADD GENERATED BY DEFAULT AS IDENTITY (
    SEQUENCE NAME public.users_user_user_permissions_id_seq
    START WITH 1
    INCREMENT BY 1
    NO MINVALUE
    NO MAXVALUE
    CACHE 1
);


--
-- Data for Name: auth_group; Type: TABLE DATA; Schema: public; Owner: user_db_ideas
--

COPY public.auth_group (id, name) FROM stdin;
1	User
2	Expert
\.


--
-- Data for Name: auth_group_permissions; Type: TABLE DATA; Schema: public; Owner: user_db_ideas
--

COPY public.auth_group_permissions (id, group_id, permission_id) FROM stdin;
1	1	32
2	1	33
3	1	36
4	1	40
5	1	41
6	1	24
7	1	28
8	1	29
9	2	32
10	2	33
11	2	34
12	2	36
13	2	40
14	2	41
15	2	24
16	2	28
17	2	29
\.


--
-- Data for Name: auth_permission; Type: TABLE DATA; Schema: public; Owner: user_db_ideas
--

COPY public.auth_permission (id, name, content_type_id, codename) FROM stdin;
46	Can change Черновик заявки	12	change_userquerydraft
47	Can delete Черновик заявки	12	delete_userquerydraft
48	Can view Черновик заявки	12	view_userquerydraft
49	Can add Пользователь	13	add_user
50	Can change Пользователь	13	change_user
51	Can delete Пользователь	13	delete_user
52	Can view Пользователь	13	view_user
53	Can add auth token	14	add_authtoken
54	Can change auth token	14	change_authtoken
55	Can delete auth token	14	delete_authtoken
56	Can view auth token	14	view_authtoken
57	Can add Домен	15	add_domain
58	Can change Домен	15	change_domain
59	Can delete Домен	15	delete_domain
60	Can view Домен	15	view_domain
61	Can add Настройки	16	add_settings
62	Can change Настройки	16	change_settings
63	Can delete Настройки	16	delete_settings
64	Can view Настройки	16	view_settings
1	Can add log entry	1	add_logentry
2	Can change log entry	1	change_logentry
3	Can delete log entry	1	delete_logentry
4	Can view log entry	1	view_logentry
5	Can add permission	2	add_permission
6	Can change permission	2	change_permission
7	Can delete permission	2	delete_permission
8	Can view permission	2	view_permission
9	Can add group	3	add_group
10	Can change group	3	change_group
11	Can delete group	3	delete_group
12	Can view group	3	view_group
13	Can add content type	4	add_contenttype
14	Can change content type	4	change_contenttype
15	Can delete content type	4	delete_contenttype
16	Can view content type	4	view_contenttype
17	Can add session	5	add_session
18	Can change session	5	change_session
19	Can delete session	5	delete_session
20	Can view session	5	view_session
21	Может создавать организации	6	add_organization
22	Может изменять организации	6	change_organization
23	Может удалять организации	6	delete_organization
24	Может просматривать организации	6	view_organization
25	Может создавать отделы	7	add_department
26	Может изменять отделы	7	change_department
27	Может удалять отделы	7	delete_department
28	Может просматривать отделы	7	view_department
29	Может создавать комментарии	8	add_querycomment
30	Может изменять комментарии	8	change_querycomment
31	Может удалять комментарии	8	delete_querycomment
32	Может просматривать комментарии	8	view_querycomment
65	Can add Направление	8	add_direction
66	Can change Направление	8	change_direction
67	Can delete Направление	8	delete_direction
68	Can view Направление	8	view_direction
69	Can add Комментарий	9	add_querycomment
70	Can change Комментарий	9	change_querycomment
71	Can delete Комментарий	9	delete_querycomment
72	Can view Комментарий	9	view_querycomment
73	Can add Файл	10	add_queryfile
74	Can change Файл	10	change_queryfile
75	Can delete Файл	10	delete_queryfile
76	Can view Файл	10	view_queryfile
77	Can add Заявку	11	add_userquery
78	Can change Заявку	11	change_userquery
79	Can delete Заявку	11	delete_userquery
80	Can view Заявку	11	view_userquery
81	Can add Черновик заявки	12	add_userquerydraft
82	Can add assigned experts	17	add_assignedexperts
83	Can change assigned experts	17	change_assignedexperts
84	Can delete assigned experts	17	delete_assignedexperts
85	Can view assigned experts	17	view_assignedexperts
33	Может создавать заявки	9	add_userquery
34	Может изменять заявки	9	change_userquery
35	Может удалять заявки	9	delete_userquery
36	Может просматривать заявки	9	view_userquery
37	Может создавать пользователей	10	add_user
38	Может изменять пользователей	10	change_user
39	Может удалять пользователей	10	delete_user
40	Может просматривать пользователей	10	view_user
41	Может изменять понравившиеся заявки	10	change_user_likes
42	Can add auth token	11	add_authtoken
43	Can change auth token	11	change_authtoken
44	Can delete auth token	11	delete_authtoken
45	Can view auth token	11	view_authtoken
86	Can add password change token	18	add_passwordchangetoken
87	Can change password change token	18	change_passwordchangetoken
88	Can delete password change token	18	delete_passwordchangetoken
89	Can view password change token	18	view_passwordchangetoken
\.


--
-- Data for Name: django_admin_log; Type: TABLE DATA; Schema: public; Owner: user_db_ideas
--

COPY public.django_admin_log (id, action_time, object_id, object_repr, action_flag, change_message, content_type_id, user_id) FROM stdin;
8	2024-02-18 09:44:52.014987+00	1	lamart.site	1	[{"added": {}}]	15	2
9	2024-02-18 09:46:15.919723+00	2	aratrum.ru	1	[{"added": {}}]	15	2
10	2024-02-22 15:28:04.904357+00	7	Test	1	[{"added": {}}]	11	2
11	2024-02-22 16:15:40.323739+00	8	Y	1	[{"added": {}}]	11	2
12	2024-02-22 16:16:01.532102+00	9	Dhhd	1	[{"added": {}}]	12	2
13	2024-02-22 16:16:22.962957+00	9	Djdh	1	[{"added": {}}]	11	2
45	2024-05-16 15:48:18.494246+00	27	world	3		7	13
46	2024-05-16 15:48:25.646657+00	28	new	3		7	13
47	2024-05-16 15:49:06.592688+00	3	hello	3		6	13
48	2024-05-16 15:52:45.590838+00	4	hello	3		6	13
49	2024-05-16 15:53:45.6733+00	5	hello	3		6	13
50	2024-05-16 15:54:48.533681+00	6	hello	3		6	13
51	2024-05-16 15:56:22.378661+00	7	hello	3		6	13
52	2024-05-16 15:58:21.812852+00	8	hello	3		6	13
53	2024-05-16 15:58:32.787129+00	32	new	3		7	13
54	2024-05-16 15:58:32.789521+00	31	world	3		7	13
55	2024-05-16 15:58:32.790514+00	30	world	3		7	13
56	2024-05-16 15:58:32.791344+00	29	new	3		7	13
57	2024-05-16 16:01:56.826177+00	9	hello	3		6	13
59	2024-05-27 19:35:30.511837+00	18	Царегородцев Георгий	3		13	21
60	2024-05-27 19:35:37.297224+00	20	Царегородцев Георгий Павлович	2	[{"changed": {"fields": ["Staff status", "Superuser status"]}}]	13	21
61	2024-05-27 19:37:11.474092+00	19	Шестеров М.А.	2	[{"changed": {"fields": ["\\u0424\\u0418\\u041e", "\\u041e\\u0442\\u0434\\u0435\\u043b", "\\u0412\\u0435\\u0440\\u0438\\u0444\\u0438\\u0446\\u0438\\u0440\\u043e\\u0432\\u0430\\u043d"]}}]	13	21
62	2024-05-27 19:37:27.837354+00	19	Шестеров М.А.	2	[{"changed": {"fields": ["\\u041e\\u0442\\u0434\\u0435\\u043b"]}}]	13	21
63	2024-05-28 11:21:01.000299+00	16	Mihail Aryshenskyi	2	[{"changed": {"fields": ["Active", "Staff status"]}}]	13	21
64	2024-05-28 11:22:49.627621+00	15	УрФУ	1	[{"added": {}}]	6	21
65	2024-05-28 11:23:25.98178+00	52	ИРИТ-РТФ	1	[{"added": {}}]	7	21
66	2024-05-28 11:23:56.09919+00	20	Царегородцев Георгий Павлович	2	[{"changed": {"fields": ["\\u041e\\u0442\\u0434\\u0435\\u043b"]}}]	13	21
67	2024-05-28 11:27:46.985385+00	20	Царегородцев Георгий Павлович	2	[{"changed": {"fields": ["\\u041e\\u0442\\u0434\\u0435\\u043b"]}}]	13	21
68	2024-06-05 08:00:05.411392+00	16	dasdas	1	[{"added": {}}]	6	13
69	2024-06-05 08:00:17.474094+00	53	вфывфы	1	[{"added": {}}]	7	13
70	2024-06-05 08:00:23.106717+00	54	вфывфы	1	[{"added": {}}]	7	13
71	2024-06-05 08:00:47.194792+00	53	вфывфы	3		7	13
72	2024-06-05 08:00:51.090854+00	54	вфывфы	3		7	13
73	2024-06-05 08:00:58.469771+00	16	dasdas	3		6	13
74	2024-06-27 16:37:10.166452+00	23	Осипов Андрей	2	[{"changed": {"fields": ["Staff status", "Superuser status"]}}]	13	21
75	2024-06-29 12:08:04.89249+00	1	Настройки	2	[{"changed": {"fields": ["\\u0410\\u0432\\u0442\\u043e\\u043c\\u0430\\u0442\\u0438\\u0447\\u0435\\u0441\\u043a\\u043e\\u0435 \\u0440\\u0430\\u0441\\u043f\\u0440\\u0435\\u0434\\u0435\\u043b\\u0435\\u043d\\u0438\\u0435 \\u0438\\u043d\\u0438\\u0446\\u0438\\u0430\\u0442\\u0438\\u0432"]}}]	16	21
76	2024-07-15 09:00:38.049588+00	6	Тест	1	[{"added": {}}]	8	20
77	2024-07-20 13:21:13.988575+00	139	привет	1	[{"added": {}}]	11	21
78	2024-07-20 13:21:26.053064+00	140	Aratrum	1	[{"added": {}}]	11	13
79	2024-07-24 13:32:22.307755+00	1	Настройки	2	[{"changed": {"fields": ["\\u0410\\u0432\\u0442\\u043e\\u043c\\u0430\\u0442\\u0438\\u0447\\u0435\\u0441\\u043a\\u043e\\u0435 \\u0440\\u0430\\u0441\\u043f\\u0440\\u0435\\u0434\\u0435\\u043b\\u0435\\u043d\\u0438\\u0435 \\u0438\\u043d\\u0438\\u0446\\u0438\\u0430\\u0442\\u0438\\u0432"]}}]	16	20
80	2024-07-24 13:32:27.407588+00	1	Настройки	2	[{"changed": {"fields": ["\\u0410\\u0432\\u0442\\u043e\\u043c\\u0430\\u0442\\u0438\\u0447\\u0435\\u0441\\u043a\\u043e\\u0435 \\u0440\\u0430\\u0441\\u043f\\u0440\\u0435\\u0434\\u0435\\u043b\\u0435\\u043d\\u0438\\u0435 \\u0438\\u043d\\u0438\\u0446\\u0438\\u0430\\u0442\\u0438\\u0432"]}}]	16	20
81	2024-07-24 13:32:31.931649+00	1	Настройки	2	[{"changed": {"fields": ["\\u0410\\u0432\\u0442\\u043e\\u043c\\u0430\\u0442\\u0438\\u0447\\u0435\\u0441\\u043a\\u043e\\u0435 \\u0440\\u0430\\u0441\\u043f\\u0440\\u0435\\u0434\\u0435\\u043b\\u0435\\u043d\\u0438\\u0435 \\u0438\\u043d\\u0438\\u0446\\u0438\\u0430\\u0442\\u0438\\u0432"]}}]	16	20
82	2024-07-30 13:50:45.42101+00	1	Настройки	2	[{"changed": {"fields": ["\\u041c\\u043e\\u0436\\u043d\\u043e \\u043f\\u0440\\u0438\\u043a\\u0440\\u0435\\u043f\\u043b\\u044f\\u0442\\u044c \\u0444\\u0430\\u0439\\u043b\\u044b"]}}]	16	21
83	2024-07-30 13:51:16.914181+00	1	Настройки	2	[{"changed": {"fields": ["\\u041c\\u043e\\u0436\\u043d\\u043e \\u043f\\u0440\\u0438\\u043a\\u0440\\u0435\\u043f\\u043b\\u044f\\u0442\\u044c \\u0444\\u0430\\u0439\\u043b\\u044b"]}}]	16	21
84	2024-08-12 09:49:27.025334+00	1	IT отдел	2	[{"changed": {"fields": ["\\u0413\\u043b\\u0430\\u0432\\u0430 \\u043e\\u0442\\u0434\\u0435\\u043b\\u0430"]}}]	7	20
85	2024-08-12 09:49:34.555963+00	2	IT отдел	2	[{"changed": {"fields": ["\\u0413\\u043b\\u0430\\u0432\\u0430 \\u043e\\u0442\\u0434\\u0435\\u043b\\u0430"]}}]	7	20
\.


--
-- Data for Name: django_content_type; Type: TABLE DATA; Schema: public; Owner: user_db_ideas
--

COPY public.django_content_type (id, app_label, model) FROM stdin;
1	admin	logentry
2	auth	permission
3	auth	group
4	contenttypes	contenttype
5	sessions	session
6	organizations	organization
7	organizations	department
8	queries	direction
9	queries	querycomment
10	queries	queryfile
11	queries	userquery
12	queries	userquerydraft
13	users	user
14	reg	authtoken
15	domain	domain
16	settings	settings
17	queries	assignedexperts
18	reg	passwordchangetoken
\.


--
-- Data for Name: django_migrations; Type: TABLE DATA; Schema: public; Owner: user_db_ideas
--

COPY public.django_migrations (id, app, name, applied) FROM stdin;
1	queries	0001_initial	2024-02-17 12:49:21.085808+00
2	organizations	0001_initial	2024-02-17 12:49:21.107042+00
3	contenttypes	0001_initial	2024-02-17 12:49:21.119007+00
4	contenttypes	0002_remove_content_type_name	2024-02-17 12:49:21.133578+00
5	auth	0001_initial	2024-02-17 12:49:21.17251+00
6	auth	0002_alter_permission_name_max_length	2024-02-17 12:49:21.180286+00
7	auth	0003_alter_user_email_max_length	2024-02-17 12:49:21.189597+00
8	auth	0004_alter_user_username_opts	2024-02-17 12:49:21.198355+00
9	auth	0005_alter_user_last_login_null	2024-02-17 12:49:21.208768+00
10	auth	0006_require_contenttypes_0002	2024-02-17 12:49:21.212666+00
11	auth	0007_alter_validators_add_error_messages	2024-02-17 12:49:21.2213+00
12	auth	0008_alter_user_username_max_length	2024-02-17 12:49:21.229741+00
13	auth	0009_alter_user_last_name_max_length	2024-02-17 12:49:21.238441+00
14	auth	0010_alter_group_name_max_length	2024-02-17 12:49:21.248004+00
15	auth	0011_update_proxy_permissions	2024-02-17 12:49:21.260794+00
16	auth	0012_alter_user_first_name_max_length	2024-02-17 12:49:21.269485+00
17	users	0001_initial	2024-02-17 12:49:21.325428+00
18	admin	0001_initial	2024-02-17 12:49:21.353479+00
19	admin	0002_logentry_remove_auto_add	2024-02-17 12:49:21.369395+00
20	admin	0003_logentry_add_action_flag_choices	2024-02-17 12:49:21.384009+00
21	domain	0001_initial	2024-02-17 12:49:21.392076+00
22	domain	0002_alter_domain_domain	2024-02-17 12:49:21.401074+00
23	queries	0002_initial	2024-02-17 12:49:21.633893+00
24	queries	0003_userquery_responsible_user_alter_userquery_date_and_more	2024-02-17 12:49:21.87145+00
25	reg	0001_initial	2024-02-17 12:49:21.88605+00
26	reg	0002_authtoken_password	2024-02-17 12:49:21.899618+00
27	sessions	0001_initial	2024-02-17 12:49:21.914109+00
28	settings	0001_initial	2024-02-17 12:49:21.922547+00
29	settings	0002_settings_allow_file_attachment	2024-02-17 12:49:21.929836+00
30	queries	0004_assignedexperts_direction_experts	2024-02-23 06:11:17.987883+00
31	users	0002_user_initiative_count	2024-02-23 06:11:18.015816+00
32	domain	0003_alter_domain_domain	2024-04-11 04:29:42.492811+00
33	domain	0004_alter_domain_domain	2024-04-11 04:29:42.502391+00
34	settings	0003_settings_auto_assignment	2024-04-11 04:29:42.519505+00
35	users	0003_remove_user_initiative_count	2024-04-11 04:29:42.554112+00
36	users	0004_alter_user_is_verified	2024-04-11 04:29:42.578374+00
37	reg	0003_passwordchangetoken	2024-05-27 19:35:00.916498+00
38	organizations	0002_alter_department_organization	2024-06-29 12:06:21.633045+00
39	organizations	0003_department_head_of_department	2024-06-29 12:06:21.666659+00
40	queries	0005_userquery_department_and_more	2024-06-29 12:06:21.737703+00
41	settings	0004_remove_settings_auto_assignment_and_more	2024-06-29 12:06:21.749725+00
42	users	0005_alter_user_department	2024-07-03 18:13:04.065532+00
43	queries	0006_alter_userquery_planned_implementation_date_and_more	2024-07-20 19:57:53.220577+00
44	queries	0007_remove_userquerydraft_planned_implementation_date	2024-07-20 20:03:10.698055+00
45	queries	0008_alter_userquery_planned_implementation_date	2024-07-20 20:05:53.281008+00
\.


--
-- Data for Name: django_session; Type: TABLE DATA; Schema: public; Owner: user_db_ideas
--

COPY public.django_session (session_key, session_data, expire_date) FROM stdin;
8dyf8j9291kp4tf9s7o2vmxgkfvsim2u	.eJxVjMsOwiAQRf-FtSE8O-DSvd9AYBikaiAp7cr479qkC93ec859sRC3tYZt0BLmzM4M2Ol3SxEf1HaQ77HdOsfe1mVOfFf4QQe_9kzPy-H-HdQ46rdWZfKALiXMYJ3RgrwpgnBKBqyQGo1BAUhaFlLCKk1I0fviJIBDTOz9AeduOBM:1rjoh7:l_iuyP3QYtWu5JegOwhSMPQkTNpfylsWExkCROOZi_U	2024-03-25 23:04:33.562339+00
ymo1bqyueclplk9q6b56v7qwrr5x62o0	.eJxVjDsOwjAQBe_iGln-ZmVKes5grb1eHEC2FCcV4u4QKQW0b2beS0Tc1hq3UZY4kzgLI06_W8L8KG0HdMd26zL3ti5zkrsiDzrktVN5Xg7376DiqN_aMyckPQFDMNomNIEcmMLMpHBKFFTQ5DMY8MmRBXQWSraglbWKinh_AP8yODA:1rbff4:QGNNhuUDfJ3yRiDlDgZO4ohmaElKskMTMSpbS_dp-3I	2024-03-03 11:48:46.877583+00
02i4msv646bvwf27r194j2n8x3fbzhxz	.eJxVjDsOwjAQBe_iGln-ZmVKes5grb1eHEC2FCcV4u4QKQW0b2beS0Tc1hq3UZY4kzgLI06_W8L8KG0HdMd26zL3ti5zkrsiDzrktVN5Xg7376DiqN_aMyckPQFDMNomNIEcmMLMpHBKFFTQ5DMY8MmRBXQWSraglbWKinh_AP8yODA:1rbfgb:JfadtAsJfPcsEnsppi7BGaM6rW-FpZfUsTd2lcVC_WQ	2024-03-03 11:50:21.142521+00
are7njq8ccle568vwp1xtl0pd9j30vj6	.eJxVjDsOwjAQBe_iGln-ZmVKes5grb1eHEC2FCcV4u4QKQW0b2beS0Tc1hq3UZY4kzgLI06_W8L8KG0HdMd26zL3ti5zkrsiDzrktVN5Xg7376DiqN_aMyckPQFDMNomNIEcmMLMpHBKFFTQ5DMY8MmRBXQWSraglbWKinh_AP8yODA:1rbgw7:u5dBmsMISptCJE2kanAD07wVxStvmBdlfSgYyXFSvlI	2024-03-03 13:10:27.007775+00
fkk18qdziniau4ym2t2jy00zeti58eju	.eJxVjDsOwjAQBe_iGln-ZmVKes5grb1eHEC2FCcV4u4QKQW0b2beS0Tc1hq3UZY4kzgLI06_W8L8KG0HdMd26zL3ti5zkrsiDzrktVN5Xg7376DiqN_aMyckPQFDMNomNIEcmMLMpHBKFFTQ5DMY8MmRBXQWSraglbWKinh_AP8yODA:1rbh5x:HPyGDHB5K4mSMS_q-qMFJGcri-V2YW5evwbl14X2ZmQ	2024-03-03 13:20:37.488201+00
52k7sncwcc4gjeg53q4mlmjguoqmfupv	.eJxVjDsOwjAQBe_iGln-ZmVKes5grb1eHEC2FCcV4u4QKQW0b2beS0Tc1hq3UZY4kzgLI06_W8L8KG0HdMd26zL3ti5zkrsiDzrktVN5Xg7376DiqN_aMyckPQFDMNomNIEcmMLMpHBKFFTQ5DMY8MmRBXQWSraglbWKinh_AP8yODA:1rbhbL:UWBRBShl1w5v_toHPBGlp6iJPNjR-6aa5z_bqHJlOcw	2024-03-03 13:53:03.89397+00
qhh39x70349er0ky7gguy170amkbtr4r	.eJxVjDsOwjAQBe_iGln-ZmVKes5grb1eHEC2FCcV4u4QKQW0b2beS0Tc1hq3UZY4kzgLI06_W8L8KG0HdMd26zL3ti5zkrsiDzrktVN5Xg7376DiqN_aMyckPQFDMNomNIEcmMLMpHBKFFTQ5DMY8MmRBXQWSraglbWKinh_AP8yODA:1rbhf0:S4YwbSJVBQRQmg565gRzaNuAig9ou3fy9J_r444el6M	2024-03-03 13:56:50.978633+00
qe2djphrcfmn76hreb2ut83gk58a4e24	.eJxVjDsOwjAQBe_iGln-ZmVKes5grb1eHEC2FCcV4u4QKQW0b2beS0Tc1hq3UZY4kzgLI06_W8L8KG0HdMd26zL3ti5zkrsiDzrktVN5Xg7376DiqN_aMyckPQFDMNomNIEcmMLMpHBKFFTQ5DMY8MmRBXQWSraglbWKinh_AP8yODA:1rbhur:jCTLQu6Q8oRFIxhpRu9n_Zkqb0vJFa0PpIuKxcHLrVM	2024-03-03 14:13:13.417811+00
gny0jpf6szxt8sh6umv7o3rcrptlsoe3	.eJxVjDsOwjAQBe_iGln-ZmVKes5grb1eHEC2FCcV4u4QKQW0b2beS0Tc1hq3UZY4kzgLI06_W8L8KG0HdMd26zL3ti5zkrsiDzrktVN5Xg7376DiqN_aMyckPQFDMNomNIEcmMLMpHBKFFTQ5DMY8MmRBXQWSraglbWKinh_AP8yODA:1rbjKC:06DiwdmWEBmxGZYjF4Ke1Db-jZR9rkVbdYbzJ9ZxwX0	2024-03-03 15:43:28.938892+00
ewqhmpgvzta3v9i32ko5j4o3hji5scaz	.eJxVjDsOwjAQBe_iGln-ZmVKes5grb1eHEC2FCcV4u4QKQW0b2beS0Tc1hq3UZY4kzgLI06_W8L8KG0HdMd26zL3ti5zkrsiDzrktVN5Xg7376DiqN_aMyckPQFDMNomNIEcmMLMpHBKFFTQ5DMY8MmRBXQWSraglbWKinh_AP8yODA:1rbjTb:XCG-pVwhANPDW8mg86wGkqf-W2rRmv4wIUDQ7PRzVdY	2024-03-03 15:53:11.323168+00
42v6pp2gc7vzaaw8l50fp1m0ctzo6w2r	.eJxVjDsOwjAQBe_iGln-ZmVKes5grb1eHEC2FCcV4u4QKQW0b2beS0Tc1hq3UZY4kzgLI06_W8L8KG0HdMd26zL3ti5zkrsiDzrktVN5Xg7376DiqN_aMyckPQFDMNomNIEcmMLMpHBKFFTQ5DMY8MmRBXQWSraglbWKinh_AP8yODA:1rd6Fj:GE4vpQRORAf0YpYhDFP9ehqYSOqviAxPNh8PcanlO60	2024-03-07 10:24:31.352874+00
gqoerna4fqo64wiygjtranxfucpy9uii	.eJxVjDsOwjAQBe_iGln-ZmVKes5grb1eHEC2FCcV4u4QKQW0b2beS0Tc1hq3UZY4kzgLI06_W8L8KG0HdMd26zL3ti5zkrsiDzrktVN5Xg7376DiqN_aMyckPQFDMNomNIEcmMLMpHBKFFTQ5DMY8MmRBXQWSraglbWKinh_AP8yODA:1rd6Ml:e_huBUx7MdM7CEpcVnBYL0KuJvCrinqHjiYTqRfdNhw	2024-03-07 10:31:47.752854+00
eilvj4diey6ioq4vnqbi61i3hhq1muwo	.eJxVjDsOwjAQBe_iGln-ZmVKes5grb1eHEC2FCcV4u4QKQW0b2beS0Tc1hq3UZY4kzgLI06_W8L8KG0HdMd26zL3ti5zkrsiDzrktVN5Xg7376DiqN_aMyckPQFDMNomNIEcmMLMpHBKFFTQ5DMY8MmRBXQWSraglbWKinh_AP8yODA:1rd6bi:XMa1OkUH3u7U99kAUOp18bQ0fpmyqVyPwG7HG6UdJgU	2024-03-07 10:47:14.301516+00
30ihbk97cq8b15gdazchp1aqqh325mkm	.eJxVjDsOwjAQBe_iGln-ZmVKes5grb1eHEC2FCcV4u4QKQW0b2beS0Tc1hq3UZY4kzgLI06_W8L8KG0HdMd26zL3ti5zkrsiDzrktVN5Xg7376DiqN_aMyckPQFDMNomNIEcmMLMpHBKFFTQ5DMY8MmRBXQWSraglbWKinh_AP8yODA:1rd8wW:7rVmqWOHdjFamplqnPBwS2xndxZUeJvxafhlHJ-DJok	2024-03-07 13:16:52.973854+00
xzf88n220d5qabe7710z3xa8vxp5u0mg	.eJxVjDsOwjAQBe_iGln-ZmVKes5grb1eHEC2FCcV4u4QKQW0b2beS0Tc1hq3UZY4kzgLI06_W8L8KG0HdMd26zL3ti5zkrsiDzrktVN5Xg7376DiqN_aMyckPQFDMNomNIEcmMLMpHBKFFTQ5DMY8MmRBXQWSraglbWKinh_AP8yODA:1rd97A:03ZEZp4T32Sj-G1dy-bpf4yqmHho0i7_LGLA-rl3dts	2024-03-07 13:27:52.501805+00
vl9etci77v6szvvte1ngqlgc6yhqrbxw	.eJxVjDsOwjAQBe_iGln-ZmVKes5grb1eHEC2FCcV4u4QKQW0b2beS0Tc1hq3UZY4kzgLI06_W8L8KG0HdMd26zL3ti5zkrsiDzrktVN5Xg7376DiqN_aMyckPQFDMNomNIEcmMLMpHBKFFTQ5DMY8MmRBXQWSraglbWKinh_AP8yODA:1rd9EC:Isi_9K_cUyJ5TTwnS-4GBRd0CC8ST7mwjanbuh3Y3UA	2024-03-07 13:35:08.36219+00
d36lpk72x2rm901v8a9be73n6l7lmrr4	.eJxVjDsOwjAQBe_iGln-ZmVKes5grb1eHEC2FCcV4u4QKQW0b2beS0Tc1hq3UZY4kzgLI06_W8L8KG0HdMd26zL3ti5zkrsiDzrktVN5Xg7376DiqN_aMyckPQFDMNomNIEcmMLMpHBKFFTQ5DMY8MmRBXQWSraglbWKinh_AP8yODA:1rd9U7:1MAy3A_TjJak9HBWBrHE2W3Qm_a6_mOYX-bkPRP9eWk	2024-03-07 13:51:35.228707+00
blhrjmq8589qgcvt4lu5n7bupri4ixjc	.eJxVjDsOwjAQBe_iGln-ZmVKes5grb1eHEC2FCcV4u4QKQW0b2beS0Tc1hq3UZY4kzgLI06_W8L8KG0HdMd26zL3ti5zkrsiDzrktVN5Xg7376DiqN_aMyckPQFDMNomNIEcmMLMpHBKFFTQ5DMY8MmRBXQWSraglbWKinh_AP8yODA:1rdAhd:sZ3NF0T_IXdT63hKUeA8Gcdlfp1Xc4_DDPf45bhpbgU	2024-03-07 15:09:37.432327+00
i0mxfawrhst5qt6kpn2ix1305lcr95oy	.eJxVjDsOwjAQBe_iGln-ZmVKes5grb1eHEC2FCcV4u4QKQW0b2beS0Tc1hq3UZY4kzgLI06_W8L8KG0HdMd26zL3ti5zkrsiDzrktVN5Xg7376DiqN_aMyckPQFDMNomNIEcmMLMpHBKFFTQ5DMY8MmRBXQWSraglbWKinh_AP8yODA:1rdAmS:ZCcdJYR2AKy1J7GN7tk6TQBPW1KjLGlntiK8Ter_dM0	2024-03-07 15:14:36.372113+00
1vwswaim5jq32v4wxm6a8036yjqhuabk	.eJxVjDsOwjAQBe_iGln-ZmVKes5grb1eHEC2FCcV4u4QKQW0b2beS0Tc1hq3UZY4kzgLI06_W8L8KG0HdMd26zL3ti5zkrsiDzrktVN5Xg7376DiqN_aMyckPQFDMNomNIEcmMLMpHBKFFTQ5DMY8MmRBXQWSraglbWKinh_AP8yODA:1rdS62:cRqAPKu8fQ-M1FaZ2yMUjhKKU12ZpFrF43iIAqGLqOI	2024-03-08 09:43:58.592784+00
rdyt1zn6qdwpox4sjlz8q4e8uxs9vgjs	.eJxVjEEOwiAQRe_C2hAQCtSl-56BDDODVA1NSrsy3l1JutDtf-_9l4iwbyXujdc4k7gILU6_WwJ8cO2A7lBvi8SlbuucZFfkQZucFuLn9XD_Dgq08q2TxTNx9gPkjNaMxnNwABayCZiAstPZK0ZLalAM2Dmn0alkNJmgxfsDIMM5HQ:1rfM14:zUv39rvCfsEFgFQNqqHMXDzhDRc69zwU_np_v0PHSE8	2024-03-13 15:38:42.971163+00
mlg6zpuihsybq5fm2hpd9hbipazf83ot	.eJxVjEEOwiAQRe_C2hBqYSgu3XsGMsxMpWogKe3KeHfbpAvd_vfef6uI65Lj2mSOE6uL6tXpd0tITyk74AeWe9VUyzJPSe-KPmjTt8ryuh7u30HGlrfaBUcOCUDEgodkRkBLQ7CMXdiABcNGRgtoPPXJejl78sTgsTNoBvX5AuszOAM:1rfMNc:hGv_zvfIR7jt0f11hifjs5heNesqn7Wl_dRrs00hmB8	2024-03-13 16:02:00.100369+00
pay02w7bplj5oalld14ebi0lj2vjnp86	.eJxVjDsOwjAQRO_iGln-rT-U9DmDtV47OIAcKU4qxN1JpBRQjTTvzbxZxG2tcetliVNmV2bY5bdLSM_SDpAf2O4zp7mty5T4ofCTdj7Mubxup_t3ULHXfU1BULBaarSahNNUjLLaaZCkQChjlQlAFgX4PMpk_Yh7QIHkhXNOss8XsuM2rg:1rfMPO:KntmlRiXKh-wnZrTScZ-aOvv7YzX9gjCbiZNw4pQESY	2024-03-13 16:03:50.190999+00
9lw6u79e4aifexg8fqydd091dszqvfyr	.eJxVjDsOwjAQRO_iGln-rT-U9DmDtV47OIAcKU4qxN1JpBRQjTTvzbxZxG2tcetliVNmV2bY5bdLSM_SDpAf2O4zp7mty5T4ofCTdj7Mubxup_t3ULHXfU1BULBaarSahNNUjLLaaZCkQChjlQlAFgX4PMpk_Yh7QIHkhXNOss8XsuM2rg:1rfg1p:mV60kQt-mVHmD78hYYmvYo7rxaQ3zx5idFaV1Jl61TE	2024-03-14 13:00:49.033009+00
hbutyrt1kz7qs8zw09xyjmkoql7xsma8	.eJxVjEEOwiAQRe_C2hAQCtSl-56BDDODVA1NSrsy3l1JutDtf-_9l4iwbyXujdc4k7gILU6_WwJ8cO2A7lBvi8SlbuucZFfkQZucFuLn9XD_Dgq08q2TxTNx9gPkjNaMxnNwABayCZiAstPZK0ZLalAM2Dmn0alkNJmgxfsDIMM5HQ:1rg0sY:uVuqNsHO7Y9bZZly2eviIs-F0vPfO2apfsBjYnsG5Tg	2024-03-15 11:16:38.215243+00
p2e7kzt24po3bkgx7je3ild4fp3kmc1g	.eJxVjDsOwjAQBe_iGln-ZmVKes5grb1eHEC2FCcV4u4QKQW0b2beS0Tc1hq3UZY4kzgLI06_W8L8KG0HdMd26zL3ti5zkrsiDzrktVN5Xg7376DiqN_aMyckPQFDMNomNIEcmMLMpHBKFFTQ5DMY8MmRBXQWSraglbWKinh_AP8yODA:1rgezy:OZrgsQ4Jp6nFa9FldDgsowrAgcqrqJcTrN4p0axz80I	2024-03-17 06:06:58.518719+00
uzqo5xugtf0oieo3flj2cjs20myui4jk	.eJxVjDsOwjAQBe_iGlnxd2NKes5g7XptHECOFCcV4u4QKQW0b2beS0Tc1hq3npc4sTiLUZx-N8L0yG0HfMd2m2Wa27pMJHdFHrTL68z5eTncv4OKvX5rKLoQqQzAlPToFBSwRrNFzV4lyyENAdF5x2B8sDYZ45UFBRCY9CDeH-vmN08:1rjolt:KuIxvpIeW_A8CcWC2GGQPvcVXtZB3nMmQQwgYMlcuLk	2024-03-25 23:09:29.692526+00
laard45qmnuqy664buq0coaw3qsvfa5d	.eJxVjEEOwiAQRe_C2hAQCtSl-56BDDODVA1NSrsy3l1JutDtf-_9l4iwbyXujdc4k7gILU6_WwJ8cO2A7lBvi8SlbuucZFfkQZucFuLn9XD_Dgq08q2TxTNx9gPkjNaMxnNwABayCZiAstPZK0ZLalAM2Dmn0alkNJmgxfsDIMM5HQ:1rkng5:vCVfi50INK4urR4Ix_NGESy_GkxTdlpLkD2NHDLCHXY	2024-03-28 16:11:33.632395+00
zmbmcpufx9c1s574wj1sbb6qx6t5hsmq	.eJxVjEEOwiAQRe_C2hAYQIhL956hGWamUjWQlHbVeHdt0oVu_3vvb2rAdSnD2mUeJlYXFdTpd8tIT6k74AfWe9PU6jJPWe-KPmjXt8byuh7u30HBXr61-HNOlmiUEZgTeANiIsfgCMCnzOjRumSB0NgIVjCHQDBCMOwdi3p_APMYOBA:1rhBIx:MjbdrkRykgy6df0PgMugCah-r6Pp5fBlu2H1F37jjlM	2024-03-18 16:36:43.380529+00
3f60oracziw3xi19kkguszpjcc6ilqz7	.eJxVjDsOwjAQBe_iGln-ZmVKes5grb1eHEC2FCcV4u4QKQW0b2beS0Tc1hq3UZY4kzgLI06_W8L8KG0HdMd26zL3ti5zkrsiDzrktVN5Xg7376DiqN_aMyckPQFDMNomNIEcmMLMpHBKFFTQ5DMY8MmRBXQWSraglbWKinh_AP8yODA:1rlRUt:NlMMcrADsWsv58vYfE_h57W7cIrq4Yey1esllASkof8	2024-03-30 10:42:39.869075+00
t7n3twxng19h01st6ts3m36g3787lh0m	.eJxVjEEOwiAQRe_C2hBqYSgu3XsGMsxMpWogKe3KeHfbpAvd_vfef6uI65Lj2mSOE6uL6tXpd0tITyk74AeWe9VUyzJPSe-KPmjTt8ryuh7u30HGlrfaBUcOCUDEgodkRkBLQ7CMXdiABcNGRgtoPPXJejl78sTgsTNoBvX5AuszOAM:1rhBiB:2sZcmQG0q0bknMztVCzEQfD_g81tcqix5VK7372syz0	2024-03-18 17:02:47.72064+00
e7tfos1yeelrbuqtxg9rwyy5ijg0xt4r	.eJxVjDsOwjAQBe_iGlnxxr9Q0nMGa-1d4wCypTipEHeHSCmgfTPzXiLgtpawdV7CTOIsJnH63SKmB9cd0B3rrcnU6rrMUe6KPGiX10b8vBzu30HBXr41GNTReM9gOGpPmsGrkRNkBEjZeuUUjhPxoMmk0YEFRVmBHZzOipN4fwDgfzef:1rmFM9:VU2HcYLj4j4e6qMt0Vo9DbxarOa6Pzt8WxlIsfZNkHc	2024-04-01 15:56:57.179727+00
gfijq5zqgxa3630vjgwsyukotmlxyfzp	.eJxVjMsOwiAQRf-FtSEDnULHpXu_gTADlaqBpI-V8d-1SRe6veec-1IhbmsJ25LnMCV1VgbU6XfkKI9cd5Lusd6allbXeWK9K_qgi762lJ-Xw_07KHEp33pAIQDuBdhmEEoxk_WxFzHOWsCRkFD60Rtk23liYt8BIrsBkiNQ7w_5-Dc-:1rmFoS:pR8ZuJAmAGuGHkODZQU-pt5bCZTjxYasitbrM7fRyao	2024-04-01 16:26:12.344236+00
1aeidx37ll6y6tcye6q3i9abkfou83k7	.eJxVjEEOwiAQRe_C2hBqYSgu3XsGMsxMpWogKe3KeHfbpAvd_vfef6uI65Lj2mSOE6uL6tXpd0tITyk74AeWe9VUyzJPSe-KPmjTt8ryuh7u30HGlrfaBUcOCUDEgodkRkBLQ7CMXdiABcNGRgtoPPXJejl78sTgsTNoBvX5AuszOAM:1rhoUt:OmUvuBssXFHnRztha51G5WA1NySy77phhitTfP4gkHM	2024-03-20 10:27:39.304992+00
szw85k867jphzmn1dy5rc7xc9mvnfxkd	.eJxVjEEOwiAQRe_C2hAGnAFcuu8ZCAwgVdMmpV0Z765NutDtf-_9lwhxW1vYelnCmMVFAIjT75giP8q0k3yP022WPE_rMia5K_KgXQ5zLs_r4f4dtNjbtzbekgMCdNagd0RoI2GOhs7JomVGhcrp6rMDyDqBcUoXYlMr-8Ig3h-55TbO:1rmqIU:Y75j7s3sHpLfDX68JX9CZpa67Fe6zW9vS1C1htZm3g0	2024-04-03 07:23:38.868883+00
3frc7yfgk2gezvbzqku183u12q8ymopn	.eJxVjDsOwjAQBe_iGln-ZmVKes5grb1eHEC2FCcV4u4QKQW0b2beS0Tc1hq3UZY4kzgLI06_W8L8KG0HdMd26zL3ti5zkrsiDzrktVN5Xg7376DiqN_aMyckPQFDMNomNIEcmMLMpHBKFFTQ5DMY8MmRBXQWSraglbWKinh_AP8yODA:1rhsMS:LJB6WOsO2yc7dC73VvC8rBCGJwmoWxfLTsjM4HhTIow	2024-03-20 14:35:12.879611+00
pch498ibxzjdf23wh77snszw1g8jz3yp	.eJxVjDEOwjAQBP_iGlmxnbsTlPS8ITr71iSAEokkFeLvECkFtDsz-3KdrkvfrTOe3WDu5EJ0h98xa7lj3IjddLxOvkzj8hyy3xS_09lfJsPjvLt_B73O_bduSZCLCWumKMY1oNFGIWxypMicIlcgcGozKgUQBKAkVkOhJrn3BxhiOG0:1rmqNF:THBgwoG81qyDsMTrucS_0oMgKomm9lWliSxfG9tySUY	2024-04-03 07:28:33.950402+00
csc2k91mb3whbuk2uewu9kurjdr3nrbg	.eJxVjDsOwjAQBe_iGln-ZmVKes5grb1eHEC2FCcV4u4QKQW0b2beS0Tc1hq3UZY4kzgLI06_W8L8KG0HdMd26zL3ti5zkrsiDzrktVN5Xg7376DiqN_aMyckPQFDMNomNIEcmMLMpHBKFFTQ5DMY8MmRBXQWSraglbWKinh_AP8yODA:1rht5P:WzL-1ZBTTcpQefCxKpzavdDbUcbOfqC0PYDFLG6K25w	2024-03-20 15:21:39.86376+00
k4fx0t4pkttncg7xoy9rlrlktd8wadgs	.eJxVjDEOwjAQBP_iGlmxnbsTlPS8ITr71iSAEokkFeLvECkFtDsz-3KdrkvfrTOe3WDu5EJ0h98xa7lj3IjddLxOvkzj8hyy3xS_09lfJsPjvLt_B73O_bduSZCLCWumKMY1oNFGIWxypMicIlcgcGozKgUQBKAkVkOhJrn3BxhiOG0:1rmqtF:2htjhvjkb5Ne_JqB72ALeuf2sSLMOnjogljZyQNpxJw	2024-04-03 08:01:37.482972+00
usarwvxxcyaaycwvo8oq3od0kao9m7vv	.eJxVjDsOwjAQBe_iGln-ZmVKes5grb1eHEC2FCcV4u4QKQW0b2beS0Tc1hq3UZY4kzgLI06_W8L8KG0HdMd26zL3ti5zkrsiDzrktVN5Xg7376DiqN_aMyckPQFDMNomNIEcmMLMpHBKFFTQ5DMY8MmRBXQWSraglbWKinh_AP8yODA:1risNI:TNkAh44tjtOW8MUx6C9TPki6FsFu_hp1DFMlfK2fR3U	2024-03-23 08:48:12.494503+00
zbvh4h3grxemdkqe8w7dzrgk776beb62	.eJxVjDEOwjAQBP_iGlmxnbsTlPS8ITr71iSAEokkFeLvECkFtDsz-3KdrkvfrTOe3WDu5EJ0h98xa7lj3IjddLxOvkzj8hyy3xS_09lfJsPjvLt_B73O_bduSZCLCWumKMY1oNFGIWxypMicIlcgcGozKgUQBKAkVkOhJrn3BxhiOG0:1rmrg2:ttaRGFtGIrDSTc97qm2QwsFlEYvBlk5YMJUCpGNEC6g	2024-04-03 08:52:02.170125+00
9aorvvcbsd846x0nbtu4micb5xcgamv3	.eJxVjDsOwjAQBe_iGln-ZmVKes5grb1eHEC2FCcV4u4QKQW0b2beS0Tc1hq3UZY4kzgLI06_W8L8KG0HdMd26zL3ti5zkrsiDzrktVN5Xg7376DiqN_aMyckPQFDMNomNIEcmMLMpHBKFFTQ5DMY8MmRBXQWSraglbWKinh_AP8yODA:1rjJmq:g4emHmst2DG4Vc9j5l7lBdvNPnDC0HwGu7i2gg5pdCQ	2024-03-24 14:04:24.988224+00
nsbs017n1tnk6np89jsgisygavq843ez	.eJxVjEEOwiAQRe_C2hAQCtSl-56BDDODVA1NSrsy3l1JutDtf-_9l4iwbyXujdc4k7gILU6_WwJ8cO2A7lBvi8SlbuucZFfkQZucFuLn9XD_Dgq08q2TxTNx9gPkjNaMxnNwABayCZiAstPZK0ZLalAM2Dmn0alkNJmgxfsDIMM5HQ:1rmsa6:RtTURr2KZXjn87wNWmYrcDSQ3wQTU32HvkaY33Jf454	2024-04-03 09:49:58.150633+00
aj717whl3pee4j28chvpnqglginvpegk	.eJxVjEEOwiAQRe_C2hDKDAVduu8ZCAODVA0kpV0Z765NutDtf-_9l_BhW4vfOi9-TuIiRnH63SjEB9cdpHuotyZjq-syk9wVedAup5b4eT3cv4MSevnWAAwKMRlSmbTNNIAyYTQuKxsR2TLCgOgyUjba2OjOOkJiyC5qbVG8P87-N0c:1rjnhb:XVW29ZfgKMFjb-umpP6D2GUykbTNYsBd58TKiOgfA60	2024-03-25 22:00:59.817782+00
2oprrbon5jv5gl4nxniz3rxxoxrmuavw	.eJxVjEEOwiAQRe_C2hBqYSgu3XsGMsxMpWogKe3KeHfbpAvd_vfef6uI65Lj2mSOE6uL6tXpd0tITyk74AeWe9VUyzJPSe-KPmjTt8ryuh7u30HGlrfaBUcOCUDEgodkRkBLQ7CMXdiABcNGRgtoPPXJejl78sTgsTNoBvX5AuszOAM:1rmtxX:uo119KvcSUpyxi_K7QHmmmqegLr7Bo8TXLrC0f8tIXo	2024-04-03 11:18:15.997818+00
vwvfwr7d7xinzheg6f5jpee7ukrsvepr	.eJxVjEEOwiAQRe_C2hDKDAVduu8ZCAODVA0kpV0Z765NutDtf-_9l_BhW4vfOi9-TuIiRnH63SjEB9cdpHuotyZjq-syk9wVedAup5b4eT3cv4MSevnWAAwKMRlSmbTNNIAyYTQuKxsR2TLCgOgyUjba2OjOOkJiyC5qbVG8P87-N0c:1rjoVd:_x1UYeKOcmfv7RSe6eOM-NRRq6vDSUFSs405xORoHGU	2024-03-25 22:52:41.251385+00
r9h461l28kca0opb73b4v4uf8w7nc02h	.eJxVjMEOwiAQRP-FsyFA3RY8evcbyLK7SNXQpLQn47_bJj3obTLvzbxVxHUpcW0yx5HVRdlOnX7LhPSUuhN-YL1Pmqa6zGPSu6IP2vRtYnldD_fvoGAr29rZbpAEFoJPbjBZwAVjAnHIieFsoGfyBrdgEERy8qFHpGDRgSMk9fkC9Cc4Jw:1rmz7k:h6yjdY_x3f5TuA77iDOtS11cENK0LU-DRcw22RY8m0c	2024-04-03 16:49:08.120772+00
lvr6n3cvak6kofnju7rqkv8y9gbtx9ie	.eJxVjMEOwiAQRP-FsyFA3RY8evcbyLK7SNXQpLQn47_bJj3obTLvzbxVxHUpcW0yx5HVRdlOnX7LhPSUuhN-YL1Pmqa6zGPSu6IP2vRtYnldD_fvoGAr29rZbpAEFoJPbjBZwAVjAnHIieFsoGfyBrdgEERy8qFHpGDRgSMk9fkC9Cc4Jw:1rmzgd:R9bxnJgXAZ4VpB-jRcFUDaKgGju_oLBXTMfnBTWGsfQ	2024-04-03 17:25:11.903991+00
43g5qfbkiekvnlsqxsvfxybdjidu0nxn	.eJxVjDEOwjAQBP_iGlmxnbsTlPS8ITr71iSAEokkFeLvECkFtDsz-3KdrkvfrTOe3WDu5EJ0h98xa7lj3IjddLxOvkzj8hyy3xS_09lfJsPjvLt_B73O_bduSZCLCWumKMY1oNFGIWxypMicIlcgcGozKgUQBKAkVkOhJrn3BxhiOG0:1rpT2H:JaXutTVU3WhS7oBekGEI50Gc3PYTtcwkf0uBvRnVgL0	2024-04-10 13:09:45.334911+00
7sxop7mxvns2qgr3yqh20qlk1px2dqs1	.eJxVjDsOwjAQBe_iGlnxxr9Q0nMGa-1d4wCypTipEHeHSCmgfTPzXiLgtpawdV7CTOIsJnH63SKmB9cd0B3rrcnU6rrMUe6KPGiX10b8vBzu30HBXr41GNTReM9gOGpPmsGrkRNkBEjZeuUUjhPxoMmk0YEFRVmBHZzOipN4fwDgfzef:1rpUeQ:VncHKgXfxCS28tg3Hk_ILBD_Yfxzvu_9nqaskOOOoTg	2024-04-10 14:53:14.662315+00
z6x5j8nekns8qddyk4911sr7a2h4to0j	.eJxVjDsOwjAQRO_iGln-rT-U9DmDtV47OIAcKU4qxN1JpBRQjTTvzbxZxG2tcetliVNmV2bY5bdLSM_SDpAf2O4zp7mty5T4ofCTdj7Mubxup_t3ULHXfU1BULBaarSahNNUjLLaaZCkQChjlQlAFgX4PMpk_Yh7QIHkhXNOss8XsuM2rg:1rrg7c:8RSADLmt_y-4cT8OKw7Si5EIzUlMoyl2A7fK4lXp210	2024-04-16 15:32:24.888055+00
25lbkq9ld1psdwqeeixbcpmrtau0mhai	.eJxVjEsOAiEQBe_C2hBgoBtcuvcMk4YGGTWQzGdlvLtOMgvdvqp6LzHSttZxW_I8TizOwmhx-h0jpUduO-E7tVuXqbd1nqLcFXnQRV475-flcP8OKi31W3uLiMSWM5RoCNAr40JSEVQqhY0vhpw1IQ9awwDZheIceAbUZUBA8f4A_5s3Zg:1sBg7v:dTo0-fTJCxSR3o7RpaWbxTTow52ParTtib8wNGGXLzA	2024-06-10 19:35:23.097115+00
fctztn2vfaskwnq42fk2wawpgz9q7bqa	.eJxVjDsOwjAQRO_iGln-rT-U9DmDtV47OIAcKU4qxN1JpBRQjTTvzbxZxG2tcetliVNmV2bY5bdLSM_SDpAf2O4zp7mty5T4ofCTdj7Mubxup_t3ULHXfU1BULBaarSahNNUjLLaaZCkQChjlQlAFgX4PMpk_Yh7QIHkhXNOss8XsuM2rg:1rt17M:KJk1JsqckJe_pjkLpzSyEVVIlSQbcoJMf3M3tJhhksk	2024-04-20 08:09:40.789596+00
zpkwikgpvkbl21s0zuv2h6u21o9nv44x	.eJxVjEEOwiAQAP_C2ZCFthQ8eu8bCOwuUjWQlPZk_Lsh6UGvM5N5Cx-OPfuj8eZXElehRnH5hTHgk0s39AjlXiXWsm9rlD2Rp21yqcSv29n-DXJouX_JARmNetYANBEg8BxZu3EwGFFZmNlEq8mOyRImVpMy4MKQSA-Knfh8Af-dN_s:1sI8Yt:2GI46ipGfispGMrGCkzHp_bmQmYHlS-lSRN4LBu7LgE	2024-06-28 15:09:55.557916+00
75n432nv8vmbe4xm3b5o8bi0c5uag1j7	.eJxVjEsOwjAMRO-SNYr6cXDCkj1niOzYIQXUSk27QtydVuoCljPvzbxNpHUpca06x0HMxXSNOf2WTOmp407kQeN9smkal3lguyv2oNXeJtHX9XD_DgrVsq2RIWPQhskDpzNyJmwZWVSCJ_QButz2wW0RsoB6J71DZSLonUAyny8tGDkR:1sYirY:tJzLkpbUjRblAtq5WswZDiFhI3pJvYk3htGATm8Br4Y	2024-08-13 09:09:44.75732+00
hcesfkipsgbgk6b3p9n0nozp8anriwom	.eJxVjEEOwiAQRe_C2hAQCtSl-56BDDODVA1NSrsy3l1JutDtf-_9l4iwbyXujdc4k7gILU6_WwJ8cO2A7lBvi8SlbuucZFfkQZucFuLn9XD_Dgq08q2TxTNx9gPkjNaMxnNwABayCZiAstPZK0ZLalAM2Dmn0alkNJmgxfsDIMM5HQ:1rqFDw:r_4A_qcbLideR6FzcKhgIGIYT8qJJR5eXtaLG8bn6N8	2024-04-12 16:37:00.025905+00
yvena63sr7rvwoa140wacrzm9n6xm9j3	.eJxVjEsOwjAMBe-SNYpS2yGEJXvOULmOQwookfpZIe4OlbqA7ZuZ9zI9r0vp11mnfkzmbADM4XccWB5aN5LuXG_NSqvLNA52U-xOZ3ttSZ-X3f07KDyXby2ZUIg8SeZIeFSM0TvvIkAXvECIcvIYODsYOkYFdeKQtcsUAzoy7w_nZzcL:1sBgCb:Vwnvhu33f6by_Yd4Q53T78Cb0Gp0Bz5RykJmVry0cV0	2024-06-10 19:40:13.591042+00
8cyht8muv4ut22xy88d4el3vxd5vhhc6	.eJxVjEsOwjAMRO-SNYr6cXDCkj1niOzYIQXUSk27QtydVuoCljPvzbxNpHUpca06x0HMxXSNOf2WTOmp407kQeN9smkal3lguyv2oNXeJtHX9XD_DgrVsq2RIWPQhskDpzNyJmwZWVSCJ_QButz2wW0RsoB6J71DZSLonUAyny8tGDkR:1sYlSi:ATcVuV4Gsnz5KlGPdFNrTC3QEZmth5hAL-7kvLmijOc	2024-08-13 11:56:16.208406+00
eweoo16d1fxwjsjajzuqwjrspqayx773	.eJxVjEEOwiAQAP_C2ZCFthQ8eu8bCOwuUjWQlPZk_Lsh6UGvM5N5Cx-OPfuj8eZXElehRnH5hTHgk0s39AjlXiXWsm9rlD2Rp21yqcSv29n-DXJouX_JARmNetYANBEg8BxZu3EwGFFZmNlEq8mOyRImVpMy4MKQSA-Knfh8Af-dN_s:1sI8ZB:5kU8s3IlNPJZ5UjDP2Z2fNQ6-oAWvYJINP_VBWcaH_I	2024-06-28 15:10:13.73875+00
sezpc7ig52wajayw935qeit1lqbc9wev	.eJxVjEsOwjAMRO-SNYr6cXDCkj1niOzYIQXUSk27QtydVuoCljPvzbxNpHUpca06x0HMxXSNOf2WTOmp407kQeN9smkal3lguyv2oNXeJtHX9XD_DgrVsq2RIWPQhskDpzNyJmwZWVSCJ_QButz2wW0RsoB6J71DZSLonUAyny8tGDkR:1sbdX4:E05M7QxMB0WoqmCKhR3q3pEyJN7LUsRe60X-w3yqKQE	2024-08-21 10:04:38.876129+00
6fq4brfbtcbvahcy3ct544ebhh7iwd5s	.eJxVjMsOwiAQRf-FtSEDnULHpXu_gTADlaqBpI-V8d-1SRe6veec-1IhbmsJ25LnMCV1VgbU6XfkKI9cd5Lusd6allbXeWK9K_qgi762lJ-Xw_07KHEp33pAIQDuBdhmEEoxk_WxFzHOWsCRkFD60Rtk23liYt8BIrsBkiNQ7w_5-Dc-:1srdzV:EBwGPDlDqxqZwbYIdQ1R_UL9C7BlY6jApGpFv0mVttQ	2024-10-04 13:48:09.405096+00
f0fl11koiv0jzpojjkpz00rle38dmn6r	.eJxVjMsOwiAURP-FtSGUR6Eu3fsNZLiXStW0SWlXxn9Xki50N5lzZl4iYt9K3Gte48TiLLQVp98ygR55boTvmG-LpGXe1inJpsiDVnldOD8vh_t3UFDLdz2M6D2czQOzUwoWQ2atWw5jDyJltDUgk5z3yrA1PhBUp9CRDxbi_QEP0jfn:1t0dc9:bbteuRAY2uV-PPXef3ntQO4rTQOj0-fmWTlqoMmwTzM	2024-10-29 09:13:13.58499+00
dfyw97s8e4p4nik7mwcomazogi2in843	.eJxVjEsOwjAMRO-SNYr6cXDCkj1niOzYIQXUSk27QtydVuoCljPvzbxNpHUpca06x0HMxXSNOf2WTOmp407kQeN9smkal3lguyv2oNXeJtHX9XD_DgrVsq2RIWPQhskDpzNyJmwZWVSCJ_QButz2wW0RsoB6J71DZSLonUAyny8tGDkR:1t4JKa:7KJPx9p0ydEBpuGggNR53ofcbTqfCEbB_IznfZeOCi4	2024-11-08 12:22:16.694616+00
cx6etr6qxxaea7a4fhyqy1s35x7lefc3	.eJxVjDsOwjAQBe_iGln-ZmVKes5grb1eHEC2FCcV4u4QKQW0b2beS0Tc1hq3UZY4kzgLI06_W8L8KG0HdMd26zL3ti5zkrsiDzrktVN5Xg7376DiqN_aMyckPQFDMNomNIEcmMLMpHBKFFTQ5DMY8MmRBXQWSraglbWKinh_AP8yODA:1rrxl5:nuNIIryGV7Qvphn6aePf8JmbogTqqUgdNRr45KM_Uc4	2024-04-17 10:22:19.069895+00
8cwlivgm77pih9xxahsk27wu48kriazc	.eJxVjMEOwiAQRP-FsyFA3RY8evcbyLK7SNXQpLQn47_bJj3obTLvzbxVxHUpcW0yx5HVRdlOnX7LhPSUuhN-YL1Pmqa6zGPSu6IP2vRtYnldD_fvoGAr29rZbpAEFoJPbjBZwAVjAnHIieFsoGfyBrdgEERy8qFHpGDRgSMk9fkC9Cc4Jw:1sBqvv:q7kBUM5_dOPuBdXorl9qKWeSuk0MEMEL5fJrIclebnw	2024-06-11 07:07:43.227243+00
jph045k5m0130htudp5csewct4gui9k2	.eJxVjMEOwiAQRP-FsyFA3RY8evcbyLK7SNXQpLQn47_bJj3obTLvzbxVxHUpcW0yx5HVRdlOnX7LhPSUuhN-YL1Pmqa6zGPSu6IP2vRtYnldD_fvoGAr29rZbpAEFoJPbjBZwAVjAnHIieFsoGfyBrdgEERy8qFHpGDRgSMk9fkC9Cc4Jw:1sYq94:ekY6mFBWT5OvaF75Wm2cMK3eBGCyhZF6EwUyToVI6yM	2024-08-13 16:56:18.377538+00
ksbotrkm3xfwfoudox7fp97iy83yw8mk	.eJxVjDsOwjAQRO_iGln-rT-U9DmDtV47OIAcKU4qxN1JpBRQjTTvzbxZxG2tcetliVNmV2bY5bdLSM_SDpAf2O4zp7mty5T4ofCTdj7Mubxup_t3ULHXfU1BULBaarSahNNUjLLaaZCkQChjlQlAFgX4PMpk_Yh7QIHkhXNOss8XsuM2rg:1sJ3f3:xGes7NuV-l7VFm77jxgbXEMb6ha5JMrFK2AxUVdgvD4	2024-07-01 04:08:05.00303+00
wk7bugtalqiki3ybygnv5psyi0yt9da6	.eJxVjEsOAiEQBe_C2hBgoBtcuvcMk4YGGTWQzGdlvLtOMgvdvqp6LzHSttZxW_I8TizOwmhx-h0jpUduO-E7tVuXqbd1nqLcFXnQRV475-flcP8OKi31W3uLiMSWM5RoCNAr40JSEVQqhY0vhpw1IQ9awwDZheIceAbUZUBA8f4A_5s3Zg:1sMs7B:KQEZBmTZ5EwrPUzv-4HSNhUNrOjZNdUQGducWvDiYM0	2024-07-11 16:36:53.297858+00
htxhwya7s8wv5z32htp69zgbrk0b4e29	.eJxVjEsOwjAMRO-SNYr6cXDCkj1niOzYIQXUSk27QtydVuoCljPvzbxNpHUpca06x0HMxXSNOf2WTOmp407kQeN9smkal3lguyv2oNXeJtHX9XD_DgrVsq2RIWPQhskDpzNyJmwZWVSCJ_QButz2wW0RsoB6J71DZSLonUAyny8tGDkR:1sdQuT:yUKou_LlAuQ1_Dk0atCcnvfA67zUXo8sBOQlerlwRnM	2024-08-26 09:00:13.992979+00
a7tdzh626gko7kww3bp69ir9yxbtizpa	.eJxVjEsOwjAMRO-SNYr6cXDCkj1niOzYIQXUSk27QtydVuoCljPvzbxNpHUpca06x0HMxXSNOf2WTOmp407kQeN9smkal3lguyv2oNXeJtHX9XD_DgrVsq2RIWPQhskDpzNyJmwZWVSCJ_QButz2wW0RsoB6J71DZSLonUAyny8tGDkR:1sOY2V:XaiSbC0lZCSgNE8takZdfE5WuVDGUgQXsH5deAY8xW0	2024-07-16 07:34:59.205209+00
08hpokn37cslcmcpv4on7ej5n5bzo0kd	.eJxVjEsOwjAMRO-SNYr6cXDCkj1niOzYIQXUSk27QtydVuoCljPvzbxNpHUpca06x0HMxXSNOf2WTOmp407kQeN9smkal3lguyv2oNXeJtHX9XD_DgrVsq2RIWPQhskDpzNyJmwZWVSCJ_QButz2wW0RsoB6J71DZSLonUAyny8tGDkR:1sUJei:3I2b996w__y9kTLFVbKB0qU35mvNuVFLugOIP-Kvh_M	2024-08-01 05:26:16.974484+00
pdemstngk7flgip41lofie3s3dvjo7ea	.eJxVjDsOwjAQRO_iGln-rT-U9DmDtV47OIAcKU4qxN1JpBRQjTTvzbxZxG2tcetliVNmV2bY5bdLSM_SDpAf2O4zp7mty5T4ofCTdj7Mubxup_t3ULHXfU1BULBaarSahNNUjLLaaZCkQChjlQlAFgX4PMpk_Yh7QIHkhXNOss8XsuM2rg:1srg7W:x9oDLHsByedG4D0rWwLVrtyfZI9w2gr9r5oSiuys0J4	2024-10-04 16:04:34.952762+00
8ggco99i8whrfj67yfdcpdy2iu3ivmxo	.eJxVjDEOwjAQBP_iGlmxnbsTlPS8ITr71iSAEokkFeLvECkFtDsz-3KdrkvfrTOe3WDu5EJ0h98xa7lj3IjddLxOvkzj8hyy3xS_09lfJsPjvLt_B73O_bduSZCLCWumKMY1oNFGIWxypMicIlcgcGozKgUQBKAkVkOhJrn3BxhiOG0:1t14Tn:FlwO-7Unxx5qi1HeDBGR-AV-8NilYzEEfgGmLeiBD2Y	2024-10-30 13:54:23.819717+00
fg3omxu2il94vqy6twvxkhqnx4f1zkku	.eJxVjDEOwjAQBP_iGlmxnbsTlPS8ITr71iSAEokkFeLvECkFtDsz-3KdrkvfrTOe3WDu5EJ0h98xa7lj3IjddLxOvkzj8hyy3xS_09lfJsPjvLt_B73O_bduSZCLCWumKMY1oNFGIWxypMicIlcgcGozKgUQBKAkVkOhJrn3BxhiOG0:1rsQL8:rnDYOI6iFq2ajS4B7FySVXLBJYEkRZucXuSc59thEg8	2024-04-18 16:53:26.081291+00
0ecx1cw5v1l2bxniklrjsnwyxcd1dwsv	.eJxVjEsOwjAMRO-SNYr6cXDCkj1niOzYIQXUSk27QtydVuoCljPvzbxNpHUpca06x0HMxXSNOf2WTOmp407kQeN9smkal3lguyv2oNXeJtHX9XD_DgrVsq2RIWPQhskDpzNyJmwZWVSCJ_QButz2wW0RsoB6J71DZSLonUAyny8tGDkR:1sZ5In:7zOGLQkmEaBnxC6XZBimhxwmRNWERYLNScya98QsZ0w	2024-08-14 09:07:21.109629+00
9uyw7cs21i0bdb0ejrbicd7ic4k0r5rw	.eJxVjEsOwjAMRO-SNYr6cXDCkj1niOzYIQXUSk27QtydVuoCljPvzbxNpHUpca06x0HMxXSNOf2WTOmp407kQeN9smkal3lguyv2oNXeJtHX9XD_DgrVsq2RIWPQhskDpzNyJmwZWVSCJ_QButz2wW0RsoB6J71DZSLonUAyny8tGDkR:1sBvdT:8N0nvthQh_MBibgUhdr2A5uTkALfF0P9LoHdIuVWPTw	2024-06-11 12:08:59.357389+00
3808e2pman7bf8evvdv3lrbsm5bhacnx	.eJxVjEEOwiAQAP_C2ZCFthQ8eu8bCOwuUjWQlPZk_Lsh6UGvM5N5Cx-OPfuj8eZXElehRnH5hTHgk0s39AjlXiXWsm9rlD2Rp21yqcSv29n-DXJouX_JARmNetYANBEg8BxZu3EwGFFZmNlEq8mOyRImVpMy4MKQSA-Knfh8Af-dN_s:1sJ7wN:qcEUJ5xb_wweYSkOuZHsqHGVpZZGtdoamQ8Dr-DsrCg	2024-07-01 08:42:15.719001+00
qltec49bt83ppewq9tgfnz618vwpvpho	.eJxVjEsOwjAMRO-SNYr6cXDCkj1niOzYIQXUSk27QtydVuoCljPvzbxNpHUpca06x0HMxXSNOf2WTOmp407kQeN9smkal3lguyv2oNXeJtHX9XD_DgrVsq2RIWPQhskDpzNyJmwZWVSCJ_QButz2wW0RsoB6J71DZSLonUAyny8tGDkR:1seD2d:39nFQNSan2CP-OweaKhysQ06Xvs2LCici6c5_Kjrv3w	2024-08-28 12:23:51.340024+00
dsubj5uke91hpmtgqjjxj5lft6y77974	.eJxVjEsOwjAMRO-SNYr6cXDCkj1niOzYIQXUSk27QtydVuoCljPvzbxNpHUpca06x0HMxXSNOf2WTOmp407kQeN9smkal3lguyv2oNXeJtHX9XD_DgrVsq2RIWPQhskDpzNyJmwZWVSCJ_QButz2wW0RsoB6J71DZSLonUAyny8tGDkR:1sOYcc:p3IuLmHw955pJPpDdWlKtrXFhbka5G1zns3DtlxG2xg	2024-07-16 08:12:18.37147+00
w5d7xlpvtz5mwwotktoksi7f58a9w05p	.eJxVjEsOwjAMRO-SNYr6cXDCkj1niOzYIQXUSk27QtydVuoCljPvzbxNpHUpca06x0HMxXSNOf2WTOmp407kQeN9smkal3lguyv2oNXeJtHX9XD_DgrVsq2RIWPQhskDpzNyJmwZWVSCJ_QButz2wW0RsoB6J71DZSLonUAyny8tGDkR:1sUKS9:eoQMXeQzrNk5QWbqsc-tvnQZss01YHEldep5cdd2rcw	2024-08-01 06:17:21.719912+00
39vs5px782gcg8tnmzgybzxr52pfjkhn	.eJxVjMsOwiAQRf-FtSEDnULHpXu_gTADlaqBpI-V8d-1SRe6veec-1IhbmsJ25LnMCV1VgbU6XfkKI9cd5Lusd6allbXeWK9K_qgi762lJ-Xw_07KHEp33pAIQDuBdhmEEoxk_WxFzHOWsCRkFD60Rtk23liYt8BIrsBkiNQ7w_5-Dc-:1suDRY:02T9qbgzadYLJruIhwKYXz4pLbQPC3kpNehu_rwA-eY	2024-10-11 16:03:44.20492+00
b6lpk9goeikey55f34pr0etg3j18u9lc	.eJxVjMsOwiAQRf-FtSEDnULHpXu_gTADlaqBpI-V8d-1SRe6veec-1IhbmsJ25LnMCV1VgbU6XfkKI9cd5Lusd6allbXeWK9K_qgi762lJ-Xw_07KHEp33pAIQDuBdhmEEoxk_WxFzHOWsCRkFD60Rtk23liYt8BIrsBkiNQ7w_5-Dc-:1t164k:hbDwSw7oPB8Iro8Ivwc8voPHfGDYi7eQj09RtRnYTpY	2024-10-30 15:36:38.866227+00
4ji0bju59qdngyt1q25hmt4h6p5rujuu	.eJxVjDEOwjAQBP_iGlmxnbsTlPS8ITr71iSAEokkFeLvECkFtDsz-3KdrkvfrTOe3WDu5EJ0h98xa7lj3IjddLxOvkzj8hyy3xS_09lfJsPjvLt_B73O_bduSZCLCWumKMY1oNFGIWxypMicIlcgcGozKgUQBKAkVkOhJrn3BxhiOG0:1rsQNj:tNEdDsQ25v0XCGmncqOF9HMr4pwwI0GPpoOsGvTEcXw	2024-04-18 16:56:07.184071+00
3csg5nqd0ic227k870us7n5ug4mou8s5	.eJxVjMEOwiAQRP-FsyFA3RY8evcbyLK7SNXQpLQn47_bJj3obTLvzbxVxHUpcW0yx5HVRdlOnX7LhPSUuhN-YL1Pmqa6zGPSu6IP2vRtYnldD_fvoGAr29rZbpAEFoJPbjBZwAVjAnHIieFsoGfyBrdgEERy8qFHpGDRgSMk9fkC9Cc4Jw:1sCegf:PNCF3LTfZHq_ck-oPzSZTXdSrePaEM-91XXBsC6vYuc	2024-06-13 12:15:17.426334+00
75qizgw81w9otu33dpz145dwi9txwmis	.eJxVjEsOwjAMRO-SNYr6cXDCkj1niOzYIQXUSk27QtydVuoCljPvzbxNpHUpca06x0HMxXSNOf2WTOmp407kQeN9smkal3lguyv2oNXeJtHX9XD_DgrVsq2RIWPQhskDpzNyJmwZWVSCJ_QButz2wW0RsoB6J71DZSLonUAyny8tGDkR:1sZ6PR:fHh4zIYd5vBzMgsDAKjtc5h-VWVyJsrfmrKAsiNODls	2024-08-14 10:18:17.322862+00
gkyb9ngx36hy9f8og1j00sbswaacix50	.eJxVjEEOwiAQAP_C2ZCFthQ8eu8bCOwuUjWQlPZk_Lsh6UGvM5N5Cx-OPfuj8eZXElehRnH5hTHgk0s39AjlXiXWsm9rlD2Rp21yqcSv29n-DXJouX_JARmNetYANBEg8BxZu3EwGFFZmNlEq8mOyRImVpMy4MKQSA-Knfh8Af-dN_s:1sJAVQ:ytY0PJ5PzT5KEi18ELaahtppJifrZAjr7dS0wvtm9T4	2024-07-01 11:26:36.772786+00
gn3vag32s1qspt38rmvtcmvd9m8x29tr	.eJxVjEsOwjAMRO-SNYr6cXDCkj1niOzYIQXUSk27QtydVuoCljPvzbxNpHUpca06x0HMxXSNOf2WTOmp407kQeN9smkal3lguyv2oNXeJtHX9XD_DgrVsq2RIWPQhskDpzNyJmwZWVSCJ_QButz2wW0RsoB6J71DZSLonUAyny8tGDkR:1seUnW:OB_EUQL5Z00vudjGWdsqmzPeSnJ71JhX5u_A1k_S-uE	2024-08-29 07:21:26.72255+00
oy8cs4y5bb4wugv7fh64yx2e6eq6gz9u	.eJxVjEsOwjAMRO-SNYr6cXDCkj1niOzYIQXUSk27QtydVuoCljPvzbxNpHUpca06x0HMxXSNOf2WTOmp407kQeN9smkal3lguyv2oNXeJtHX9XD_DgrVsq2RIWPQhskDpzNyJmwZWVSCJ_QButz2wW0RsoB6J71DZSLonUAyny8tGDkR:1sTdIg:BVGSSq1hatztwxzok_9fHP4Hwjvm0DuumPP7xfssI2Y	2024-07-30 08:12:42.33843+00
no6zlifmeg6sl0q1xgvw839n5lkkxp3t	.eJxVjEsOwjAMRO-SNYr6cXDCkj1niOzYIQXUSk27QtydVuoCljPvzbxNpHUpca06x0HMxXSNOf2WTOmp407kQeN9smkal3lguyv2oNXeJtHX9XD_DgrVsq2RIWPQhskDpzNyJmwZWVSCJ_QButz2wW0RsoB6J71DZSLonUAyny8tGDkR:1sUQtV:6UiIo4xqK_Wrwbpa4klBFfrbCgDh5A2Ss2i-W24Zjfo	2024-08-01 13:10:01.69669+00
pb6kh8rvoeshxz0k8155gc7u0006qld8	.eJxVjDEOwjAQBP_iGlmxnbsTlPS8ITr71iSAEokkFeLvECkFtDsz-3KdrkvfrTOe3WDu5EJ0h98xa7lj3IjddLxOvkzj8hyy3xS_09lfJsPjvLt_B73O_bduSZCLCWumKMY1oNFGIWxypMicIlcgcGozKgUQBKAkVkOhJrn3BxhiOG0:1rsQO6:baipTcx0_CXW10n-w_aIK1E5KKJlAFlQm6L0yx3X9ZM	2024-04-18 16:56:30.551886+00
ephwchfcl8m4lqoc3isro08a2px2a702	.eJxVjMEOwiAQRP-FsyFA3RY8evcbyLK7SNXQpLQn47_bJj3obTLvzbxVxHUpcW0yx5HVRdlOnX7LhPSUuhN-YL1Pmqa6zGPSu6IP2vRtYnldD_fvoGAr29rZbpAEFoJPbjBZwAVjAnHIieFsoGfyBrdgEERy8qFHpGDRgSMk9fkC9Cc4Jw:1sCeiT:UcsQYle6pGa9vkU9bDDj4f-2i3IXEAEOBXLZlFKRVOo	2024-06-13 12:17:09.919637+00
tzpg2lu0fotcu0e0s2sdhhbkftji9afi	.eJxVjEsOwjAMRO-SNYr6cXDCkj1niOzYIQXUSk27QtydVuoCljPvzbxNpHUpca06x0HMxXSNOf2WTOmp407kQeN9smkal3lguyv2oNXeJtHX9XD_DgrVsq2RIWPQhskDpzNyJmwZWVSCJ_QButz2wW0RsoB6J71DZSLonUAyny8tGDkR:1sZ99T:vGn7sd5Nl_ogvboeHuN7Eyq4JRmKGcID_bQ5OnUYhK0	2024-08-14 13:13:59.395031+00
f4zscz3yd459p1wfsw8od5qmzwdlzd79	.eJxVjEEOwiAQAP_C2ZCFthQ8eu8bCOwuUjWQlPZk_Lsh6UGvM5N5Cx-OPfuj8eZXElehRnH5hTHgk0s39AjlXiXWsm9rlD2Rp21yqcSv29n-DXJouX_JARmNetYANBEg8BxZu3EwGFFZmNlEq8mOyRImVpMy4MKQSA-Knfh8Af-dN_s:1sJFED:_P7uK8CM6HZ_E0RytXPOx-xF6ZQATbtFmxAMwjqAyPk	2024-07-01 16:29:09.016305+00
99frsh2dzfp5cqvvk24b86mgmnsgqal1	.eJxVjEsOwjAMRO-SNYr6cXDCkj1niOzYIQXUSk27QtydVuoCljPvzbxNpHUpca06x0HMxXSNOf2WTOmp407kQeN9smkal3lguyv2oNXeJtHX9XD_DgrVsq2RIWPQhskDpzNyJmwZWVSCJ_QButz2wW0RsoB6J71DZSLonUAyny8tGDkR:1sOu5e:_thRRSYblm3Sjamc0d9BQ2eDdRrFna3MHL_7XUlPVRQ	2024-07-17 07:07:42.584079+00
ysp3j265nzjnc6q9f00w97udy0fi2lgo	.eJxVjEsOwjAMRO-SNYr6cXDCkj1niOzYIQXUSk27QtydVuoCljPvzbxNpHUpca06x0HMxXSNOf2WTOmp407kQeN9smkal3lguyv2oNXeJtHX9XD_DgrVsq2RIWPQhskDpzNyJmwZWVSCJ_QButz2wW0RsoB6J71DZSLonUAyny8tGDkR:1sUgbv:1tXFiJPQSNi41GqP1Pza2qgzZcFbwN1rjGfX4zNb5GY	2024-08-02 05:56:55.006058+00
wrsng0zl8ykfbtsoau1la2v28yq9bjzi	.eJxVjMEOwiAQRP-FsyFA3RY8evcbyLK7SNXQpLQn47_bJj3obTLvzbxVxHUpcW0yx5HVRdlOnX7LhPSUuhN-YL1Pmqa6zGPSu6IP2vRtYnldD_fvoGAr29rZbpAEFoJPbjBZwAVjAnHIieFsoGfyBrdgEERy8qFHpGDRgSMk9fkC9Cc4Jw:1rsRGC:nj_rpIsMLit-PgERolkcYeKfCgWhK6kj4qa99Cx6Cz0	2024-04-18 17:52:24.596847+00
xf9c1tru0lz31dsfr5drhlb2u44gjcxl	.eJxVjMEOwiAQRP-FsyFA3RY8evcbyLK7SNXQpLQn47_bJj3obTLvzbxVxHUpcW0yx5HVRdlOnX7LhPSUuhN-YL1Pmqa6zGPSu6IP2vRtYnldD_fvoGAr29rZbpAEFoJPbjBZwAVjAnHIieFsoGfyBrdgEERy8qFHpGDRgSMk9fkC9Cc4Jw:1sCekK:3U4sH4_fUXj7RW9wp8_hgid5Mgbxmgu4aWOteQ5OX4M	2024-06-13 12:19:04.8999+00
61nl4rw2znzk6dixyosy11ht7oeaiar5	.eJxVjEsOwjAMRO-SNYr6cXDCkj1niOzYIQXUSk27QtydVuoCljPvzbxNpHUpca06x0HMxXSNOf2WTOmp407kQeN9smkal3lguyv2oNXeJtHX9XD_DgrVsq2RIWPQhskDpzNyJmwZWVSCJ_QButz2wW0RsoB6J71DZSLonUAyny8tGDkR:1sZ9HD:BqstCb9raFFItY8iReaFVfXMxG4OhtpqXIb2RwCMosU	2024-08-14 13:21:59.432111+00
to8s9ivics9rtcmfd2kn6rcstj5mnuds	.eJxVjEEOwiAQAP_C2ZCFthQ8eu8bCOwuUjWQlPZk_Lsh6UGvM5N5Cx-OPfuj8eZXElehRnH5hTHgk0s39AjlXiXWsm9rlD2Rp21yqcSv29n-DXJouX_JARmNetYANBEg8BxZu3EwGFFZmNlEq8mOyRImVpMy4MKQSA-Knfh8Af-dN_s:1sJFHU:nTWkKsu1Py7UJmtlRPXB01y8KRSXJXU7E1jTZOpGkio	2024-07-01 16:32:32.567631+00
tam3yxk6tgj098vkwggt2522y3ld2te3	.eJxVjEsOwjAMRO-SNYr6cXDCkj1niOzYIQXUSk27QtydVuoCljPvzbxNpHUpca06x0HMxXSNOf2WTOmp407kQeN9smkal3lguyv2oNXeJtHX9XD_DgrVsq2RIWPQhskDpzNyJmwZWVSCJ_QButz2wW0RsoB6J71DZSLonUAyny8tGDkR:1sUlKF:HoidzpgumpjUIKG7mQNJ0zL8T7-xOXh9q4jvsSr6rpI	2024-08-02 10:58:59.430827+00
6umizdht28yrspfux1hqzw9oazh6x5sj	.eJxVjMEOwiAQRP-FsyFA3RY8evcbyLK7SNXQpLQn47_bJj3obTLvzbxVxHUpcW0yx5HVRdlOnX7LhPSUuhN-YL1Pmqa6zGPSu6IP2vRtYnldD_fvoGAr29rZbpAEFoJPbjBZwAVjAnHIieFsoGfyBrdgEERy8qFHpGDRgSMk9fkC9Cc4Jw:1sV9Pb:yPbKNjIBnGyl5Sxfvpl5MOkxSA4ySw2rMa5my2cwCKI	2024-08-03 12:42:07.360689+00
6joxbmsh1grc1wub45k9yrdzjf9wxb1t	.eJxVjEEOwiAQAP_C2ZCFthQ8eu8bCOwuUjWQlPZk_Lsh6UGvM5N5Cx-OPfuj8eZXElehRnH5hTHgk0s39AjlXiXWsm9rlD2Rp21yqcSv29n-DXJouX_JARmNetYANBEg8BxZu3EwGFFZmNlEq8mOyRImVpMy4MKQSA-Knfh8Af-dN_s:1rseSi:b7I6MU8pKaxQqDV4yMZhjTLAMkx0hBqA87J1m5L0srg	2024-04-19 07:58:12.079333+00
e6mqptjo2fznjhb7n4e2ta3xquj2wr6e	.eJxVjMEOwiAQRP-FsyFA3RY8evcbyLK7SNXQpLQn47_bJj3obTLvzbxVxHUpcW0yx5HVRdlOnX7LhPSUuhN-YL1Pmqa6zGPSu6IP2vRtYnldD_fvoGAr29rZbpAEFoJPbjBZwAVjAnHIieFsoGfyBrdgEERy8qFHpGDRgSMk9fkC9Cc4Jw:1sCekT:VWqhoOoZn8FxtWOfKzyXCYJHkzud0Kmh1PozRIQxyzU	2024-06-13 12:19:13.656543+00
rrnnghgc6kw97omj1qv6r5386xqthjyg	.eJxVjEsOwjAMRO-SNYr6cXDCkj1niOzYIQXUSk27QtydVuoCljPvzbxNpHUpca06x0HMxXSNOf2WTOmp407kQeN9smkal3lguyv2oNXeJtHX9XD_DgrVsq2RIWPQhskDpzNyJmwZWVSCJ_QButz2wW0RsoB6J71DZSLonUAyny8tGDkR:1sZDhI:RB_DH5gC3bJsPdwxUPN2WchfGDvUuMgfLrQEdCZZNOE	2024-08-14 18:05:12.330238+00
44mxgztoqw1q0h3eeoacddy3gtw939ce	.eJxVjEEOwiAQAP_C2ZCFthQ8eu8bCOwuUjWQlPZk_Lsh6UGvM5N5Cx-OPfuj8eZXElehRnH5hTHgk0s39AjlXiXWsm9rlD2Rp21yqcSv29n-DXJouX_JARmNetYANBEg8BxZu3EwGFFZmNlEq8mOyRImVpMy4MKQSA-Knfh8Af-dN_s:1sJFI2:x1QFPGclvLQ_Arq5afXaTYtoPfSwhc9TPePBbbhjAOQ	2024-07-01 16:33:06.426517+00
4l5xepii1am9aj24hppeh1dq01jg7qw7	.eJxVjDsOwjAQBe_iGln-JXYo6XMGa727xgHkSHFSIe5OIqWAdmbee4sI21ri1niJE4mrMFZcfmECfHI9DD2g3meJc12XKckjkadtcpyJX7ez_Tso0Mq-Vj2pwWbW2fUECkkHIE_JAJsdZY_Ke-6MGTj0yMEgYYbOgtMIFJz4fAEomDkh:1sTKAA:M3ro8UF03CdoQzilgf0dVSGP56aLifT5wHIPpxSGOIo	2024-07-29 11:46:38.112699+00
wauki3btkcum5p7oemwwwccnecu66no2	.eJxVjEsOAiEQBe_C2hBgoBtcuvcMk4YGGTWQzGdlvLtOMgvdvqp6LzHSttZxW_I8TizOwmhx-h0jpUduO-E7tVuXqbd1nqLcFXnQRV475-flcP8OKi31W3uLiMSWM5RoCNAr40JSEVQqhY0vhpw1IQ9awwDZheIceAbUZUBA8f4A_5s3Zg:1sVA0c:ayS6tpOITMwjjOVvWQLWOTdsdGp5SDKy1hX6ODMOMjI	2024-08-03 13:20:22.146399+00
g18cjp97ej6zy4jl278m5z8z39xv8og0	.eJxVjMEOwiAQRP-FsyFA3RY8evcbyLK7SNXQpLQn47_bJj3obTLvzbxVxHUpcW0yx5HVRdlOnX7LhPSUuhN-YL1Pmqa6zGPSu6IP2vRtYnldD_fvoGAr29rZbpAEFoJPbjBZwAVjAnHIieFsoGfyBrdgEERy8qFHpGDRgSMk9fkC9Cc4Jw:1rt0xu:071SZn_lllWxZiuEUokiIksI-zz29SAx1CG8Y5kXAww	2024-04-20 07:59:54.208865+00
p93ym4al0il0hqs268ji0wrs9i33xdfv	.eJxVjMEOwiAQRP-FsyFA3RY8evcbyLK7SNXQpLQn47_bJj3obTLvzbxVxHUpcW0yx5HVRdlOnX7LhPSUuhN-YL1Pmqa6zGPSu6IP2vRtYnldD_fvoGAr29rZbpAEFoJPbjBZwAVjAnHIieFsoGfyBrdgEERy8qFHpGDRgSMk9fkC9Cc4Jw:1sCekY:_pMTtnWfCyEVbz2JaE9KTwbYFmTX51y6gwqeeCEioVQ	2024-06-13 12:19:18.252335+00
pw2ql6pc4bqc33qn50w96lkomtf2uln8	.eJxVjEsOwjAMRO-SNYr6cXDCkj1niOzYIQXUSk27QtydVuoCljPvzbxNpHUpca06x0HMxXSNOf2WTOmp407kQeN9smkal3lguyv2oNXeJtHX9XD_DgrVsq2RIWPQhskDpzNyJmwZWVSCJ_QButz2wW0RsoB6J71DZSLonUAyny8tGDkR:1sZDmI:xxsYJSVasuJsUYsvAHrruWX14Zd1r3HboIc89Xuc-gw	2024-08-14 18:10:22.808838+00
gclw4pacmujek1r5qi30bbg415vqn2eh	.eJxVjEEOwiAQAP_C2ZCFthQ8eu8bCOwuUjWQlPZk_Lsh6UGvM5N5Cx-OPfuj8eZXElehRnH5hTHgk0s39AjlXiXWsm9rlD2Rp21yqcSv29n-DXJouX_JARmNetYANBEg8BxZu3EwGFFZmNlEq8mOyRImVpMy4MKQSA-Knfh8Af-dN_s:1sJFIF:BMhmjTnrdIrW-Skdw461WaGXZwS_sOgD7vs-FrUhwAQ	2024-07-01 16:33:19.306057+00
dpv47a1vlvqurn4n0iotwydahqaqbtv1	.eJxVjEsOwjAMRO-SNYr6cXDCkj1niOzYIQXUSk27QtydVuoCljPvzbxNpHUpca06x0HMxXSNOf2WTOmp407kQeN9smkal3lguyv2oNXeJtHX9XD_DgrVsq2RIWPQhskDpzNyJmwZWVSCJ_QButz2wW0RsoB6J71DZSLonUAyny8tGDkR:1sRXEY:2qKWljjXWvZY3BTRt31tAKx_nABhOSS3iuUK6VNaaXA	2024-07-24 13:19:46.809333+00
9u3yda5ib4tesa868rejixw0eurvdrzl	.eJxVjEsOwjAMRO-SNYr6cXDCkj1niOzYIQXUSk27QtydVuoCljPvzbxNpHUpca06x0HMxXSNOf2WTOmp407kQeN9smkal3lguyv2oNXeJtHX9XD_DgrVsq2RIWPQhskDpzNyJmwZWVSCJ_QButz2wW0RsoB6J71DZSLonUAyny8tGDkR:1sVnSF:z7ypxOIO2Pv0tij56WQcxMk8wR_VjOPzW7g_D5vjkeY	2024-08-05 07:27:31.331691+00
t4b2kidv6yk3hpekk4v23gy5v7psr0dx	.eJxVjEEOwiAQRe_C2hAQCtSl-56BDDODVA1NSrsy3l1JutDtf-_9l4iwbyXujdc4k7gILU6_WwJ8cO2A7lBvi8SlbuucZFfkQZucFuLn9XD_Dgq08q2TxTNx9gPkjNaMxnNwABayCZiAstPZK0ZLalAM2Dmn0alkNJmgxfsDIMM5HQ:1rt4DE:A77TcZXq5g8Mhj3xBpl_Y2HQRPlCoDg7CehLZ5KbRaM	2024-04-20 11:27:56.022016+00
xsc5zz2w68uvxd2zn2stg3w561an047r	.eJxVjMEOwiAQRP-FsyFA3RY8evcbyLK7SNXQpLQn47_bJj3obTLvzbxVxHUpcW0yx5HVRdlOnX7LhPSUuhN-YL1Pmqa6zGPSu6IP2vRtYnldD_fvoGAr29rZbpAEFoJPbjBZwAVjAnHIieFsoGfyBrdgEERy8qFHpGDRgSMk9fkC9Cc4Jw:1sCekn:KTY9qOP17TjuwumYxHxTkgN-QH7ObdgdSSt3V1RyOFQ	2024-06-13 12:19:33.19827+00
e1l7vl00gvlocn9l4y3d0b0ma0z0ic97	.eJxVjEsOwjAMRO-SNYr6cXDCkj1niOzYIQXUSk27QtydVuoCljPvzbxNpHUpca06x0HMxXSNOf2WTOmp407kQeN9smkal3lguyv2oNXeJtHX9XD_DgrVsq2RIWPQhskDpzNyJmwZWVSCJ_QButz2wW0RsoB6J71DZSLonUAyny8tGDkR:1sZDqg:KsccaeZp2ZvBSsv0AoRsmjF2iphRwEwxH4IUgPV8C-c	2024-08-14 18:14:54.27147+00
0xlaxy6x44nsvunh9cw5hl41rfr68h44	.eJxVjDsOwjAQBe_iGln-JXYo6XMGa727xgHkSHFSIe5OIqWAdmbee4sI21ri1niJE4mrMFZcfmECfHI9DD2g3meJc12XKckjkadtcpyJX7ez_Tso0Mq-Vj2pwWbW2fUECkkHIE_JAJsdZY_Ke-6MGTj0yMEgYYbOgtMIFJz4fAEomDkh:1sJbf1:70IEfSsgyqYoAKkDevOtSoxoHgrdRY4XAh6zLAT5wyA	2024-07-02 16:26:19.623277+00
jq51xn3xrf7ace6rnxa228kudzfm256f	.eJxVjEsOwjAMRO-SNYr6cXDCkj1niOzYIQXUSk27QtydVuoCljPvzbxNpHUpca06x0HMxXSNOf2WTOmp407kQeN9smkal3lguyv2oNXeJtHX9XD_DgrVsq2RIWPQhskDpzNyJmwZWVSCJ_QButz2wW0RsoB6J71DZSLonUAyny8tGDkR:1sRXKd:sHuacW-rmuFZhPMWT7ujW9T-wn3g6aiBTfxdPgFYg54	2024-07-24 13:26:03.17576+00
8h4hb6y1bmm3kcgehhehwkfnbzdws1yo	.eJxVjEsOwjAMRO-SNYr6cXDCkj1niOzYIQXUSk27QtydVuoCljPvzbxNpHUpca06x0HMxXSNOf2WTOmp407kQeN9smkal3lguyv2oNXeJtHX9XD_DgrVsq2RIWPQhskDpzNyJmwZWVSCJ_QButz2wW0RsoB6J71DZSLonUAyny8tGDkR:1sWD27:iQV3dM36XrF0LghzBhuPh1IT7bTQybC9Ne3E9uuAIHQ	2024-08-06 10:46:15.931856+00
6gbkzhhdwz6vibkwmcmukfhyzvaqptsu	.eJxVjMEOwiAQRP-FsyFA3RY8evcbyLK7SNXQpLQn47_bJj3obTLvzbxVxHUpcW0yx5HVRdlOnX7LhPSUuhN-YL1Pmqa6zGPSu6IP2vRtYnldD_fvoGAr29rZbpAEFoJPbjBZwAVjAnHIieFsoGfyBrdgEERy8qFHpGDRgSMk9fkC9Cc4Jw:1rub3W:Tpm8NRgNzlC4DgXOZGSK85OYdXCQh6bpIO9Z9xonjKg	2024-04-24 16:44:14.692545+00
v7twumnh3sdw0rqz2pqzt8jknv9f18pj	.eJxVjMEOwiAQRP-FsyFA3RY8evcbyLK7SNXQpLQn47_bJj3obTLvzbxVxHUpcW0yx5HVRdlOnX7LhPSUuhN-YL1Pmqa6zGPSu6IP2vRtYnldD_fvoGAr29rZbpAEFoJPbjBZwAVjAnHIieFsoGfyBrdgEERy8qFHpGDRgSMk9fkC9Cc4Jw:1sCeks:yJZVMSyJLNrIiP2_xrNX1UM9H6OEx2eniI4YpNyEpXs	2024-06-13 12:19:38.31458+00
349v51gkgxsymbzn760n4j4mv1oto9m0	.eJxVjEsOwjAMRO-SNYr6cXDCkj1niOzYIQXUSk27QtydVuoCljPvzbxNpHUpca06x0HMxXSNOf2WTOmp407kQeN9smkal3lguyv2oNXeJtHX9XD_DgrVsq2RIWPQhskDpzNyJmwZWVSCJ_QButz2wW0RsoB6J71DZSLonUAyny8tGDkR:1sZRAT:HGAxH2Ozvh1Xq_afetfvH3DBkwK3mcGHStC3DoMU4Xk	2024-08-15 08:28:13.158272+00
nnptykyip9uo4hq7i138pkpxm2pzkdmm	.eJxVjMEOwiAQRP-FsyFA3RY8evcbyLK7SNXQpLQn47_bJj3obTLvzbxVxHUpcW0yx5HVRdlOnX7LhPSUuhN-YL1Pmqa6zGPSu6IP2vRtYnldD_fvoGAr29rZbpAEFoJPbjBZwAVjAnHIieFsoGfyBrdgEERy8qFHpGDRgSMk9fkC9Cc4Jw:1sJbgN:6LTrHG5WA100i9vQEG6euwbUlLvZG_70LdvbfoDMy40	2024-07-02 16:27:43.553008+00
bg1igwlwsjxm7dl5srnohrn0cygeeb89	.eJxVjEsOwjAMRO-SNYr6cXDCkj1niOzYIQXUSk27QtydVuoCljPvzbxNpHUpca06x0HMxXSNOf2WTOmp407kQeN9smkal3lguyv2oNXeJtHX9XD_DgrVsq2RIWPQhskDpzNyJmwZWVSCJ_QButz2wW0RsoB6J71DZSLonUAyny8tGDkR:1sRYsL:M4oAtQtHByxG8Vsor-8-vsRLZ1mH8lzzmzEY58ujWCM	2024-07-24 15:04:57.219599+00
mgo4jgiovbq7ahar848ep9a15xijnl47	.eJxVjEsOwjAMRO-SNYr6cXDCkj1niOzYIQXUSk27QtydVuoCljPvzbxNpHUpca06x0HMxXSNOf2WTOmp407kQeN9smkal3lguyv2oNXeJtHX9XD_DgrVsq2RIWPQhskDpzNyJmwZWVSCJ_QButz2wW0RsoB6J71DZSLonUAyny8tGDkR:1sWD2V:Noj0oErPDfFccqN6ZZZ86-Ypg9n4X3Nt0jPU_xKsSv0	2024-08-06 10:46:39.936592+00
9qznv6budv6cyztx39579nkaug2j3fr2	.eJxVjMEOwiAQRP-FsyFA3RY8evcbyLK7SNXQpLQn47_bJj3obTLvzbxVxHUpcW0yx5HVRdlOnX7LhPSUuhN-YL1Pmqa6zGPSu6IP2vRtYnldD_fvoGAr29rZbpAEFoJPbjBZwAVjAnHIieFsoGfyBrdgEERy8qFHpGDRgSMk9fkC9Cc4Jw:1rvGUC:_pcPqHxEvLG_tX7NnXpubOw7v91ze7Cit69_xTIDCu4	2024-04-26 12:58:32.159275+00
44v9wt4xexcsnb05jqup3smwao0fhau3	.eJxVjMEOwiAQRP-FsyFA3RY8evcbyLK7SNXQpLQn47_bJj3obTLvzbxVxHUpcW0yx5HVRdlOnX7LhPSUuhN-YL1Pmqa6zGPSu6IP2vRtYnldD_fvoGAr29rZbpAEFoJPbjBZwAVjAnHIieFsoGfyBrdgEERy8qFHpGDRgSMk9fkC9Cc4Jw:1sCekw:lADNE_gDYq_AMYrx55_R8tuN0d7OagqsTvrj_ANg1Qs	2024-06-13 12:19:42.261908+00
k4o1xt71v2cmqkpzlgywzciah33vlu3w	.eJxVjEsOwjAMRO-SNYr6cXDCkj1niOzYIQXUSk27QtydVuoCljPvzbxNpHUpca06x0HMxXSNOf2WTOmp407kQeN9smkal3lguyv2oNXeJtHX9XD_DgrVsq2RIWPQhskDpzNyJmwZWVSCJ_QButz2wW0RsoB6J71DZSLonUAyny8tGDkR:1sZRAZ:5tkg7i02ovSSam2Yf5yZ2UIZ46s43jw9IGddFZVFsO8	2024-08-15 08:28:19.788505+00
acr7ngqlj843g6449l94twfpwvcf6fyu	.eJxVjEsOwjAMRO-SNYr6cXDCkj1niOzYIQXUSk27QtydVuoCljPvzbxNpHUpca06x0HMxXSNOf2WTOmp407kQeN9smkal3lguyv2oNXeJtHX9XD_DgrVsq2RIWPQhskDpzNyJmwZWVSCJ_QButz2wW0RsoB6J71DZSLonUAyny8tGDkR:1sS9mO:NPrhBX8YopQmyP28nCSyv0vVSup2KWq2DiW1RKhYJuY	2024-07-26 06:29:16.547127+00
tks4o5d6s7jb0mlkcy8po2mi0az52io4	.eJxVjEsOwjAMRO-SNYr6cXDCkj1niOzYIQXUSk27QtydVuoCljPvzbxNpHUpca06x0HMxXSNOf2WTOmp407kQeN9smkal3lguyv2oNXeJtHX9XD_DgrVsq2RIWPQhskDpzNyJmwZWVSCJ_QButz2wW0RsoB6J71DZSLonUAyny8tGDkR:1sWD2Y:jmR36-BvDV5imOhyRuySQFBwIlI7sb2K_bTDYSojNCA	2024-08-06 10:46:42.227064+00
r0oilftvcmq1xu5ush2exrhnbpp6nv96	.eJxVjEEOwiAQAP_C2ZCFthQ8eu8bCOwuUjWQlPZk_Lsh6UGvM5N5Cx-OPfuj8eZXElehRnH5hTHgk0s39AjlXiXWsm9rlD2Rp21yqcSv29n-DXJouX_JARmNetYANBEg8BxZu3EwGFFZmNlEq8mOyRImVpMy4MKQSA-Knfh8Af-dN_s:1rwDYr:1v5AXqkDSNhZVWh78LVIRN3fykUHTn7oQQ5s0M9bsHY	2024-04-29 04:03:17.662601+00
ojqf0il72cwzwi0ek8im1bj6u5oy1mu1	.eJxVjMEOwiAQRP-FsyFA3RY8evcbyLK7SNXQpLQn47_bJj3obTLvzbxVxHUpcW0yx5HVRdlOnX7LhPSUuhN-YL1Pmqa6zGPSu6IP2vRtYnldD_fvoGAr29rZbpAEFoJPbjBZwAVjAnHIieFsoGfyBrdgEERy8qFHpGDRgSMk9fkC9Cc4Jw:1sCeky:CJvKBqRaoQXXsBeYxJrDgOBzT8qZiO2flGTMc8bKO4M	2024-06-13 12:19:44.347252+00
nwexgxonzkz1pmzvof8x8pg7si35j87z	.eJxVjEsOwjAMRO-SNYr6cXDCkj1niOzYIQXUSk27QtydVuoCljPvzbxNpHUpca06x0HMxXSNOf2WTOmp407kQeN9smkal3lguyv2oNXeJtHX9XD_DgrVsq2RIWPQhskDpzNyJmwZWVSCJ_QButz2wW0RsoB6J71DZSLonUAyny8tGDkR:1sZRAf:LNyXR4AaXwaaHyyiSxbSEN7y3uVBewSwCawkv_DcfqM	2024-08-15 08:28:25.09337+00
hf0elo2cbyi45lvo5ac3tfs21w1tfx5y	.eJxVjEsOwjAMRO-SNYr6cXDCkj1niOzYIQXUSk27QtydVuoCljPvzbxNpHUpca06x0HMxXSNOf2WTOmp407kQeN9smkal3lguyv2oNXeJtHX9XD_DgrVsq2RIWPQhskDpzNyJmwZWVSCJ_QButz2wW0RsoB6J71DZSLonUAyny8tGDkR:1sTHhM:TH-ndFRWU1SU-lr2NElDhMhvo1kTsQ09rmyhJcVWUNQ	2024-07-29 09:08:44.16296+00
enzjusxmacua5sf7fawsikbgmcl784uw	.eJxVjEsOwjAMRO-SNYr6cXDCkj1niOzYIQXUSk27QtydVuoCljPvzbxNpHUpca06x0HMxXSNOf2WTOmp407kQeN9smkal3lguyv2oNXeJtHX9XD_DgrVsq2RIWPQhskDpzNyJmwZWVSCJ_QButz2wW0RsoB6J71DZSLonUAyny8tGDkR:1sWD2Z:WQv1PyHsPXFkAVg8Io7PiDvhLhqdQmCuC_4yGQIG7cA	2024-08-06 10:46:43.753786+00
rnecrenfu1xjg35juj84kg7kntp754ro	.eJxVjMEOwiAQRP-FsyFA3RY8evcbyLK7SNXQpLQn47_bJj3obTLvzbxVxHUpcW0yx5HVRdlOnX7LhPSUuhN-YL1Pmqa6zGPSu6IP2vRtYnldD_fvoGAr29rZbpAEFoJPbjBZwAVjAnHIieFsoGfyBrdgEERy8qFHpGDRgSMk9fkC9Cc4Jw:1rwjop:pSD8Sy3jLkLeohvZcweHHS36A52GuQ3n7lltQ2xtWGY	2024-04-30 14:29:55.055447+00
neynhd9egjl804wzegpx5nsjs47t15az	.eJxVjMEOwiAQRP-FsyFA3RY8evcbyLK7SNXQpLQn47_bJj3obTLvzbxVxHUpcW0yx5HVRdlOnX7LhPSUuhN-YL1Pmqa6zGPSu6IP2vRtYnldD_fvoGAr29rZbpAEFoJPbjBZwAVjAnHIieFsoGfyBrdgEERy8qFHpGDRgSMk9fkC9Cc4Jw:1sCem4:XSCEooazcv3MCUnVEP23CbEWFAeO6DuGt7MwSsfCDg0	2024-06-13 12:20:52.854153+00
zni90fdz0rt1inkv32y42zhvvekzw10j	.eJxVjEsOwjAMRO-SNYr6cXDCkj1niOzYIQXUSk27QtydVuoCljPvzbxNpHUpca06x0HMxXSNOf2WTOmp407kQeN9smkal3lguyv2oNXeJtHX9XD_DgrVsq2RIWPQhskDpzNyJmwZWVSCJ_QButz2wW0RsoB6J71DZSLonUAyny8tGDkR:1sZRjT:EFQ-VQdWiUGWqEzA29z2crbGIrksQNaybUuFBRTSKrk	2024-08-15 09:04:23.516502+00
5aagefjw59pchy00ie956g0knq8vv4xo	.eJxVjEsOwjAMRO-SNYr6cXDCkj1niOzYIQXUSk27QtydVuoCljPvzbxNpHUpca06x0HMxXSNOf2WTOmp407kQeN9smkal3lguyv2oNXeJtHX9XD_DgrVsq2RIWPQhskDpzNyJmwZWVSCJ_QButz2wW0RsoB6J71DZSLonUAyny8tGDkR:1sTcCM:vzHHT8A74eUBnxe6L-s3oWbDaLZkNAGhEo7ImirNUos	2024-07-30 07:02:06.878405+00
gqykbyomw8lc5pzioto1usxtwp6dc1i3	.eJxVjEsOwjAMRO-SNYr6cXDCkj1niOzYIQXUSk27QtydVuoCljPvzbxNpHUpca06x0HMxXSNOf2WTOmp407kQeN9smkal3lguyv2oNXeJtHX9XD_DgrVsq2RIWPQhskDpzNyJmwZWVSCJ_QButz2wW0RsoB6J71DZSLonUAyny8tGDkR:1sWD2c:DbeQFjnWzlUmZVhG9jls0AZKIcUfG6lzRNph6Yk-cR0	2024-08-06 10:46:46.505921+00
i2msdrv5hfuqbjjqhy7i011w4vpytono	.eJxVjEEOwiAQRe_C2hAhwIBL956BzDAgVQNJaVfGu9smXej2v_f-W0RclxrXkec4sbgIZcXpdyRMz9x2wg9s9y5Tb8s8kdwVedAhb53z63q4fwcVR91qx2ck0Jy8Z4LEFIzNRZHTPoQSvAUsDA7BWK9BU9GGSbmNZ4_KgPh8ASNPOFU:1rx0dG:nI84tRN5dyJc9l9ff8AwQUKVK3Pu7dSqWcqynHphw3g	2024-05-01 08:27:06.046404+00
jzhsgn7buzywy2v6efwlhvaupldzv0w1	.eJxVjMEOwiAQRP-FsyFA3RY8evcbyLK7SNXQpLQn47_bJj3obTLvzbxVxHUpcW0yx5HVRdlOnX7LhPSUuhN-YL1Pmqa6zGPSu6IP2vRtYnldD_fvoGAr29rZbpAEFoJPbjBZwAVjAnHIieFsoGfyBrdgEERy8qFHpGDRgSMk9fkC9Cc4Jw:1sCen9:deM9DvA4SZBzXcX8C7Dvq0sq09P7ZSLVgREw2pwsxz4	2024-06-13 12:21:59.792103+00
31w283oj9432qws37jkdaebyae32d72a	.eJxVjEsOwjAMRO-SNYr6cXDCkj1niOzYIQXUSk27QtydVuoCljPvzbxNpHUpca06x0HMxXSNOf2WTOmp407kQeN9smkal3lguyv2oNXeJtHX9XD_DgrVsq2RIWPQhskDpzNyJmwZWVSCJ_QButz2wW0RsoB6J71DZSLonUAyny8tGDkR:1sZRjT:EFQ-VQdWiUGWqEzA29z2crbGIrksQNaybUuFBRTSKrk	2024-08-15 09:04:23.628816+00
gv92ek5yig02amlr2vduikvbeykcjr7d	.eJxVjEsOwjAMRO-SNYr6cXDCkj1niOzYIQXUSk27QtydVuoCljPvzbxNpHUpca06x0HMxXSNOf2WTOmp407kQeN9smkal3lguyv2oNXeJtHX9XD_DgrVsq2RIWPQhskDpzNyJmwZWVSCJ_QButz2wW0RsoB6J71DZSLonUAyny8tGDkR:1sWD2e:Tz67aAKp59DzSmwC4osyYMCMeO9LxzTucdMUIcNT1Po	2024-08-06 10:46:48.344044+00
hwhcj4a3ido22lt00uaaubkjgazwhd1c	.eJxVjEEOwiAQRe_C2hAQCtSl-56BDDODVA1NSrsy3l1JutDtf-_9l4iwbyXujdc4k7gILU6_WwJ8cO2A7lBvi8SlbuucZFfkQZucFuLn9XD_Dgq08q2TxTNx9gPkjNaMxnNwABayCZiAstPZK0ZLalAM2Dmn0alkNJmgxfsDIMM5HQ:1rxNE5:ev2zNaU2nAGgJDdy8p9YYtH5cUwy22dIZO04hBThZ7M	2024-05-02 08:34:37.649947+00
avmmbb730v8xv0o83u8vbns9blpn541t	.eJxVjMEOwiAQRP-FsyFA3RY8evcbyLK7SNXQpLQn47_bJj3obTLvzbxVxHUpcW0yx5HVRdlOnX7LhPSUuhN-YL1Pmqa6zGPSu6IP2vRtYnldD_fvoGAr29rZbpAEFoJPbjBZwAVjAnHIieFsoGfyBrdgEERy8qFHpGDRgSMk9fkC9Cc4Jw:1sCyRX:QGX9Fu-TB3XB7Sfw9-Ry-MDm0gg4pWE15a0TSP8tge8	2024-06-14 09:20:59.057366+00
ynf3q28vo5qcex6dqoyvc584rew41299	.eJxVjEsOwjAMRO-SNYr6cXDCkj1niOzYIQXUSk27QtydVuoCljPvzbxNpHUpca06x0HMxXSNOf2WTOmp407kQeN9smkal3lguyv2oNXeJtHX9XD_DgrVsq2RIWPQhskDpzNyJmwZWVSCJ_QButz2wW0RsoB6J71DZSLonUAyny8tGDkR:1sZSEb:CQPDLfP9Tk7E_BU4rN43zt0FacATA-XsSraJRU6vHbA	2024-08-15 09:36:33.190522+00
ahfa3hhea37bxbmjpyu8o31mzd0qhsfv	.eJxVjDsOwjAQRO_iGln-rT-U9DmDtV47OIAcKU4qxN1JpBRQjTTvzbxZxG2tcetliVNmV2bY5bdLSM_SDpAf2O4zp7mty5T4ofCTdj7Mubxup_t3ULHXfU1BULBaarSahNNUjLLaaZCkQChjlQlAFgX4PMpk_Yh7QIHkhXNOss8XsuM2rg:1sWIFu:mmk_Iwamfqk8a7jYUui-IN-IW9YQHfZJYvKzxALW2_c	2024-08-06 16:20:50.026519+00
azq5cwuuq0tknndk9a1q1u0lbtzddkvp	.eJxVjMEOwiAQRP-FsyGFVnbx6N1vIMsuSNXQpLQn47_bJj3ocea9mbcKtC4lrC3NYRR1Ucap028ZiZ-p7kQeVO-T5qku8xj1ruiDNn2bJL2uh_t3UKiVbd15cZwFTQTyPaM9p-yJ7UAYwfneoRHJphuQkS1FD2YLwJCABSypzxcWVThH:1rxPFR:5q6MC7agvURg6KDWE1b-fLUf4HmAJyDiwhNKg87CD9M	2024-05-02 10:44:09.875493+00
ijn0zxxge79ojpy36ga60mrgwsjd0gwe	.eJxVjEsOwjAMRO-SNYr6cXDCkj1niOzYIQXUSk27QtydVuoCljPvzbxNpHUpca06x0HMxXSNOf2WTOmp407kQeN9smkal3lguyv2oNXeJtHX9XD_DgrVsq2RIWPQhskDpzNyJmwZWVSCJ_QButz2wW0RsoB6J71DZSLonUAyny8tGDkR:1sDjsJ:fT3SlJinfUZB8xaJHf0Z57wFxTimBeRtcnjThG77ihY	2024-06-16 11:59:47.615316+00
hzxrbglapwv4fd9hcjpvj63udr6nc1er	.eJxVjEsOwjAMRO-SNYr6cXDCkj1niOzYIQXUSk27QtydVuoCljPvzbxNpHUpca06x0HMxXSNOf2WTOmp407kQeN9smkal3lguyv2oNXeJtHX9XD_DgrVsq2RIWPQhskDpzNyJmwZWVSCJ_QButz2wW0RsoB6J71DZSLonUAyny8tGDkR:1sZWJF:OgUx_CmwZKJZJL4ctwlWCI__bDHfiMEo1rDjmmyvL54	2024-08-15 13:57:37.561472+00
l3igbtv37d40msj8fw12hlw6amo5ccs3	.eJxVjEsOwjAMRO-SNYr6cXDCkj1niOzYIQXUSk27QtydVuoCljPvzbxNpHUpca06x0HMxXSNOf2WTOmp407kQeN9smkal3lguyv2oNXeJtHX9XD_DgrVsq2RIWPQhskDpzNyJmwZWVSCJ_QButz2wW0RsoB6J71DZSLonUAyny8tGDkR:1sWZhv:j-0WHTVgF_H6Os8sZO7X5CUjSs-8oJ2karxx5XSMKS8	2024-08-07 10:58:55.567176+00
3yu1gpu1ramwlk1hqpbc8edlrlqbrtt7	.eJxVjEEOwiAQRe_C2hAhwIBL956BzDAgVQNJaVfGu9smXej2v_f-W0RclxrXkec4sbgIZcXpdyRMz9x2wg9s9y5Tb8s8kdwVedAhb53z63q4fwcVR91qx2ck0Jy8Z4LEFIzNRZHTPoQSvAUsDA7BWK9BU9GGSbmNZ4_KgPh8ASNPOFU:1ryCv8:KMBH9K-iyrAlulV51vV_9IzJ6stEJRIFAZKz4ieu7EQ	2024-05-04 15:46:30.025551+00
racl2lgz34up4y57qoqgis629ual6rk8	.eJxVjEsOwjAMRO-SNYr6cXDCkj1niOzYIQXUSk27QtydVuoCljPvzbxNpHUpca06x0HMxXSNOf2WTOmp407kQeN9smkal3lguyv2oNXeJtHX9XD_DgrVsq2RIWPQhskDpzNyJmwZWVSCJ_QButz2wW0RsoB6J71DZSLonUAyny8tGDkR:1sDkQM:MIncOPV0P6r51vndllfltNqil_bsKogLwjbqDlWAXkU	2024-06-16 12:34:58.339805+00
lm37uoam5ukvvh5a95b3cyjoe6o1r3d6	.eJxVjEsOwjAMRO-SNYr6cXDCkj1niOzYIQXUSk27QtydVuoCljPvzbxNpHUpca06x0HMxXSNOf2WTOmp407kQeN9smkal3lguyv2oNXeJtHX9XD_DgrVsq2RIWPQhskDpzNyJmwZWVSCJ_QButz2wW0RsoB6J71DZSLonUAyny8tGDkR:1sZeaN:DticlyagMYqzKy-yJ8KzSPMUSHRhY1_a8Gynf5BvWyg	2024-08-15 22:47:51.141934+00
b6iaq8rpcb0okjx6lx7nmk9u76tjoh2r	.eJxVjEsOwjAMRO-SNYr6cXDCkj1niOzYIQXUSk27QtydVuoCljPvzbxNpHUpca06x0HMxXSNOf2WTOmp407kQeN9smkal3lguyv2oNXeJtHX9XD_DgrVsq2RIWPQhskDpzNyJmwZWVSCJ_QButz2wW0RsoB6J71DZSLonUAyny8tGDkR:1sWZi4:RZOfTgaXZK3xaMqbkW6Y9Ia8l20W8Kyr2hMNxuAkZ5s	2024-08-07 10:59:04.485931+00
3t2zgztsn0fousj9oc6rvpfmtb2d028c	.eJxVjEEOwiAQRe_C2hAGGaAu3fcMZGCoVA0kpV0Z765NutDtf-_9lwi0rSVsPS9hZnER4MTpd4yUHrnuhO9Ub02mVtdljnJX5EG7HBvn5_Vw_w4K9fKtyWeGpK2xTMkPmNFHrbNTEwOb5JT24JHOKZKyxjlkjwrMgIwTOYji_QEPHTfY:1rz9sR:9kKmeeENeqVdImFno3S7f8sf59dQvISGbp-KPBv-uOE	2024-05-07 06:43:39.545244+00
7lnwyjhop0m36vmzc5xru96to377yidx	.eJxVjMsOwiAQRf-FtSEDnULHpXu_gTADlaqBpI-V8d-1SRe6veec-1IhbmsJ25LnMCV1VgbU6XfkKI9cd5Lusd6allbXeWK9K_qgi762lJ-Xw_07KHEp33pAIQDuBdhmEEoxk_WxFzHOWsCRkFD60Rtk23liYt8BIrsBkiNQ7w_5-Dc-:1sEuRS:2ox6qfJJvpf11vLEBmzkvTkAOwO_G0oyNOhDEMAP1-g	2024-06-19 17:28:54.997284+00
wujrjhw1cqha5kaebx5fpe1cos67xm4b	.eJxVjEsOwjAMRO-SNYr6cXDCkj1niOzYIQXUSk27QtydVuoCljPvzbxNpHUpca06x0HMxXSNOf2WTOmp407kQeN9smkal3lguyv2oNXeJtHX9XD_DgrVsq2RIWPQhskDpzNyJmwZWVSCJ_QButz2wW0RsoB6J71DZSLonUAyny8tGDkR:1sZezH:Jd8-nxOmC_rur1b1YfzedBw_sheU9a2Mv6nJQFZ6tDI	2024-08-15 23:13:35.061867+00
med01qzjz257dzs8q0loc8uzb6il4maj	.eJxVjEsOwjAMRO-SNYr6cXDCkj1niOzYIQXUSk27QtydVuoCljPvzbxNpHUpca06x0HMxXSNOf2WTOmp407kQeN9smkal3lguyv2oNXeJtHX9XD_DgrVsq2RIWPQhskDpzNyJmwZWVSCJ_QButz2wW0RsoB6J71DZSLonUAyny8tGDkR:1sWZyH:ZnJoyTOzoJW1qvkKerhZA5woq-_3d3SHCWnFWYmeWtA	2024-08-07 11:15:49.287607+00
lty2lcv4a3cazybjjn00g6ko0l4ge4du	.eJxVjEEOwiAQRe_C2pDC0Am4dO8ZmmEGpGogKe3KeHdt0oVu_3vvv9RE21qmradlmkWdlfHq9DtG4keqO5E71VvT3Oq6zFHvij5o19cm6Xk53L-DQr18awRE5zFwjoiWDUmmMIpHTOgGZrEg4jMHy6MTAHDgE45CA0AEY9T7AwnPN-A:1s04d3:TpTVq2bI6Qya54LCF887Fy1wdXctqpK_-4AJ7s5_4Mk	2024-05-09 19:19:33.046343+00
grxvdyp366j1qznss47mmmh15dampz1m	.eJxVjMEOwiAQRP-FsyFA3RY8evcbyLK7SNXQpLQn47_bJj3obTLvzbxVxHUpcW0yx5HVRdlOnX7LhPSUuhN-YL1Pmqa6zGPSu6IP2vRtYnldD_fvoGAr29rZbpAEFoJPbjBZwAVjAnHIieFsoGfyBrdgEERy8qFHpGDRgSMk9fkC9Cc4Jw:1sGCbY:x4DjY67OELsbMfuEAVUtBTn7_nDVR3VROA_vR6EJquY	2024-06-23 07:04:40.406548+00
81l86pd3u59q3fmmo2sdnu00pyc15exq	.eJxVjEsOwjAMRO-SNYr6cXDCkj1niOzYIQXUSk27QtydVuoCljPvzbxNpHUpca06x0HMxXSNOf2WTOmp407kQeN9smkal3lguyv2oNXeJtHX9XD_DgrVsq2RIWPQhskDpzNyJmwZWVSCJ_QButz2wW0RsoB6J71DZSLonUAyny8tGDkR:1sZkk1:58vOVRj9l4QtpXObUQOPD1VfElQKHnVFzqljFioITP8	2024-08-16 05:22:13.100014+00
x7qtreh6jmyyv1xpdjj7vlcyb14ibghi	.eJxVjEsOwjAMRO-SNYr6cXDCkj1niOzYIQXUSk27QtydVuoCljPvzbxNpHUpca06x0HMxXSNOf2WTOmp407kQeN9smkal3lguyv2oNXeJtHX9XD_DgrVsq2RIWPQhskDpzNyJmwZWVSCJ_QButz2wW0RsoB6J71DZSLonUAyny8tGDkR:1sXEjS:CFPz2mKCnHS7iKIDf08HHyd3mMxF_pG0x3h9Nn1BCgU	2024-08-09 06:47:14.616312+00
bcbc22vh91ssksm4dv0wokwl6y63odg9	.eJxVjMEOwiAQRP-FsyFA3RY8evcbyLK7SNXQpLQn47_bJj3obTLvzbxVxHUpcW0yx5HVRdlOnX7LhPSUuhN-YL1Pmqa6zGPSu6IP2vRtYnldD_fvoGAr29rZbpAEFoJPbjBZwAVjAnHIieFsoGfyBrdgEERy8qFHpGDRgSMk9fkC9Cc4Jw:1s04rF:iocEXhwn2HdZPIIKhZVQt4aD_kZFhiWQfL3k4n7T7Xs	2024-05-09 19:34:13.264125+00
7m6bd0sdjj6y92462gcp6l85gs81y00i	.eJxVjEEOwiAQAP_C2ZCFthQ8eu8bCOwuUjWQlPZk_Lsh6UGvM5N5Cx-OPfuj8eZXElehRnH5hTHgk0s39AjlXiXWsm9rlD2Rp21yqcSv29n-DXJouX_JARmNetYANBEg8BxZu3EwGFFZmNlEq8mOyRImVpMy4MKQSA-Knfh8Af-dN_s:1sGvhZ:9XWknOjowbiXQoAZDohpqwFoaO1xM3gsisxAxhP3ew0	2024-06-25 07:13:53.163784+00
a6pp73rqr666vy9brvbsasiko487r1p8	.eJxVjEsOwjAMRO-SNYr6cXDCkj1niOzYIQXUSk27QtydVuoCljPvzbxNpHUpca06x0HMxXSNOf2WTOmp407kQeN9smkal3lguyv2oNXeJtHX9XD_DgrVsq2RIWPQhskDpzNyJmwZWVSCJ_QButz2wW0RsoB6J71DZSLonUAyny8tGDkR:1sXJfs:T2ayVvV2N3QR6KsjqVQt_j_ZOHxE7qHI3YchN8ZOP8g	2024-08-09 12:03:52.289789+00
im6vcnwzrd96gceluz9iuddyz7cx22vx	.eJxVjDsOwjAQRO_iGln-rT-U9DmDtV47OIAcKU4qxN1JpBRQjTTvzbxZxG2tcetliVNmV2bY5bdLSM_SDpAf2O4zp7mty5T4ofCTdj7Mubxup_t3ULHXfU1BULBaarSahNNUjLLaaZCkQChjlQlAFgX4PMpk_Yh7QIHkhXNOss8XsuM2rg:1s4Lf6:F-ROEv0ETFmssXQtL27iCk1S6pH698CBsovapiqpGZA	2024-05-21 14:19:20.390985+00
tto4xa0rmp521k3ceuxfb1vlwikshhhi	.eJxVjEsOwjAMRO-SNYr6cXDCkj1niOzYIQXUSk27QtydVuoCljPvzbxNpHUpca06x0HMxXSNOf2WTOmp407kQeN9smkal3lguyv2oNXeJtHX9XD_DgrVsq2RIWPQhskDpzNyJmwZWVSCJ_QButz2wW0RsoB6J71DZSLonUAyny8tGDkR:1sH18P:DzKFZTlPOA4WqFarYyoVz1ngyRN6gyx3bYbqnfiz04A	2024-06-25 13:01:57.047434+00
fltf2piduqrlmc2xnfearvis0i4w93l6	.eJxVjEsOwjAMRO-SNYr6cXDCkj1niOzYIQXUSk27QtydVuoCljPvzbxNpHUpca06x0HMxXSNOf2WTOmp407kQeN9smkal3lguyv2oNXeJtHX9XD_DgrVsq2RIWPQhskDpzNyJmwZWVSCJ_QButz2wW0RsoB6J71DZSLonUAyny8tGDkR:1sXObX:DSW9IitnnTd7WZuqvdz_xUA8t2YNsc05dyWAMhhCayg	2024-08-09 17:19:43.288007+00
ou5i9utyaf2ntnp2gzyc8s1u7lm2bqt5	.eJxVjDsOwjAQBe_iGln-ZmVKes5grb1eHEC2FCcV4u4QKQW0b2beS0Tc1hq3UZY4kzgLI06_W8L8KG0HdMd26zL3ti5zkrsiDzrktVN5Xg7376DiqN_aMyckPQFDMNomNIEcmMLMpHBKFFTQ5DMY8MmRBXQWSraglbWKinh_AP8yODA:1s5gyo:6HjedYAxRCRY54CW9_jpVFgAkO6vpL4zX9HxP7dGcik	2024-05-25 07:17:14.69066+00
zg6cv69g53lvmnjtla6oqj0yohl1fpgp	.eJxVjMsOwiAQRf-FtSEDnULHpXu_gTADlaqBpI-V8d-1SRe6veec-1IhbmsJ25LnMCV1VgbU6XfkKI9cd5Lusd6allbXeWK9K_qgi762lJ-Xw_07KHEp33pAIQDuBdhmEEoxk_WxFzHOWsCRkFD60Rtk23liYt8BIrsBkiNQ7w_5-Dc-:1sHTBv:pEdouY2d-JEvkAdq5RQL6_0vlKIx0b2ClCV7h7bSy_Y	2024-06-26 18:59:27.960194+00
mof2m9x2ezxo87qe6d1s97puosgbjhl5	.eJxVjEsOwjAMRO-SNYr6cXDCkj1niOzYIQXUSk27QtydVuoCljPvzbxNpHUpca06x0HMxXSNOf2WTOmp407kQeN9smkal3lguyv2oNXeJtHX9XD_DgrVsq2RIWPQhskDpzNyJmwZWVSCJ_QButz2wW0RsoB6J71DZSLonUAyny8tGDkR:1sXhGJ:UqRQzYiVILMqldzHK4TVfTydVB1rS2QcPHg_WaU4yy4	2024-08-10 13:15:03.398054+00
ba7ngdz0cd1c7juz0rb7qfy6fx2x0r14	.eJxVjDsOwjAQBe_iGln-ZmVKes5grb1eHEC2FCcV4u4QKQW0b2beS0Tc1hq3UZY4kzgLI06_W8L8KG0HdMd26zL3ti5zkrsiDzrktVN5Xg7376DiqN_aMyckPQFDMNomNIEcmMLMpHBKFFTQ5DMY8MmRBXQWSraglbWKinh_AP8yODA:1s5hE7:c0MkQkAbXEd-n0RhIvBsmTkEPVHtcL-hpPhuKeQzlgs	2024-05-25 07:33:03.528166+00
j6op39n475ipsfjv74kccnoc2pv9zxf9	.eJxVjMEOwiAQRP-FsyFA3RY8evcbyLK7SNXQpLQn47_bJj3obTLvzbxVxHUpcW0yx5HVRdlOnX7LhPSUuhN-YL1Pmqa6zGPSu6IP2vRtYnldD_fvoGAr29rZbpAEFoJPbjBZwAVjAnHIieFsoGfyBrdgEERy8qFHpGDRgSMk9fkC9Cc4Jw:1sHimv:kGm5D3dy_XY82hAGW4Vmmotjxsb_YISg44kj-aQ3JXc	2024-06-27 11:38:41.942004+00
cwfkag7nnvhl2kwr61bvqaviyt6iit80	.eJxVjEsOwjAMRO-SNYr6cXDCkj1niOzYIQXUSk27QtydVuoCljPvzbxNpHUpca06x0HMxXSNOf2WTOmp407kQeN9smkal3lguyv2oNXeJtHX9XD_DgrVsq2RIWPQhskDpzNyJmwZWVSCJ_QButz2wW0RsoB6J71DZSLonUAyny8tGDkR:1sXj95:6zsaNnkRRHG0kvawCyNgXG1GTBcVs2UE06ZusnBgcjQ	2024-08-10 15:15:43.518677+00
dz98vw5w4ej6v59rd9ktucq99xble5ms	.eJxVjDsOwjAQBe_iGln-ZmVKes5grb1eHEC2FCcV4u4QKQW0b2beS0Tc1hq3UZY4kzgLI06_W8L8KG0HdMd26zL3ti5zkrsiDzrktVN5Xg7376DiqN_aMyckPQFDMNomNIEcmMLMpHBKFFTQ5DMY8MmRBXQWSraglbWKinh_AP8yODA:1s5hvQ:r-lRIdrbkYdhCQ691KnbGxw-6Qufpmke_ruDUi1PFR0	2024-05-25 08:17:48.717333+00
ewo4yoyyudivw5ukt12de6hz064y9kuz	.eJxVjMEOwiAQRP-FsyFA3RY8evcbyLK7SNXQpLQn47_bJj3obTLvzbxVxHUpcW0yx5HVRdlOnX7LhPSUuhN-YL1Pmqa6zGPSu6IP2vRtYnldD_fvoGAr29rZbpAEFoJPbjBZwAVjAnHIieFsoGfyBrdgEERy8qFHpGDRgSMk9fkC9Cc4Jw:1sHjzn:SBq6VZGm_cP_A7UTQtJzpAhQ4yMnsbvgvsxfdOVGmT4	2024-06-27 12:56:03.448548+00
zqmks2o0tnuff01mbg1y2upnptf5hrd3	.eJxVjEsOwjAMRO-SNYr6cXDCkj1niOzYIQXUSk27QtydVuoCljPvzbxNpHUpca06x0HMxXSNOf2WTOmp407kQeN9smkal3lguyv2oNXeJtHX9XD_DgrVsq2RIWPQhskDpzNyJmwZWVSCJ_QButz2wW0RsoB6J71DZSLonUAyny8tGDkR:1sXjvX:ag8ZoDbw0f4nDpbEak2mfWOgRGMGcC0sk2oWMK557Zk	2024-08-10 16:05:47.202984+00
w519w1n1tzrrmrnmxvlgsgk8u2coq02z	.eJxVjEEOwiAQRe_C2hAQCtSl-56BDDODVA1NSrsy3l1JutDtf-_9l4iwbyXujdc4k7gILU6_WwJ8cO2A7lBvi8SlbuucZFfkQZucFuLn9XD_Dgq08q2TxTNx9gPkjNaMxnNwABayCZiAstPZK0ZLalAM2Dmn0alkNJmgxfsDIMM5HQ:1s61FI:FebO7P-aS48uqpKIkFqVYGIq049mkZnywDXhZzyO0oU	2024-05-26 04:55:36.74012+00
12gvusk8dp975mlkndy0gnifmh6dtkoh	.eJxVjMsOwiAQRf-FtSEDnULHpXu_gTADlaqBpI-V8d-1SRe6veec-1IhbmsJ25LnMCV1VgbU6XfkKI9cd5Lusd6allbXeWK9K_qgi762lJ-Xw_07KHEp33pAIQDuBdhmEEoxk_WxFzHOWsCRkFD60Rtk23liYt8BIrsBkiNQ7w_5-Dc-:1sHpC6:IO9QeMKGRR5avzOxQa9h9h3omsbTBFWjH5-U_LefrJU	2024-06-27 18:29:06.417847+00
h91hk46fz05ha0qzjjqrekc3to6bilh5	.eJxVjEEOwiAQAP_C2ZCFthQ8eu8bCOwuUjWQlPZk_Lsh6UGvM5N5Cx-OPfuj8eZXElehRnH5hTHgk0s39AjlXiXWsm9rlD2Rp21yqcSv29n-DXJouX_JARmNetYANBEg8BxZu3EwGFFZmNlEq8mOyRImVpMy4MKQSA-Knfh8Af-dN_s:1s6NGK:LwtAsJ_ajpPdiEWDyLqA32xEtUbYYvqQxWt_eie6xyA	2024-05-27 04:26:08.309359+00
ptz8eqlxfo8frgkle99xob7hwkx77c48	.eJxVjEEOwiAQAP_C2ZCFthQ8eu8bCOwuUjWQlPZk_Lsh6UGvM5N5Cx-OPfuj8eZXElehRnH5hTHgk0s39AjlXiXWsm9rlD2Rp21yqcSv29n-DXJouX_JARmNetYANBEg8BxZu3EwGFFZmNlEq8mOyRImVpMy4MKQSA-Knfh8Af-dN_s:1sHq5F:AtlXAp51U4QjDZst3qlD_nNPMrLXZi-ehqUA-lWxvj8	2024-06-27 19:26:05.486738+00
oz5fsaddpuoo8cgogt9cd7erwnal2e10	.eJxVjDsOwjAQBe_iGln-ZmVKes5grb1eHEC2FCcV4u4QKQW0b2beS0Tc1hq3UZY4kzgLI06_W8L8KG0HdMd26zL3ti5zkrsiDzrktVN5Xg7376DiqN_aMyckPQFDMNomNIEcmMLMpHBKFFTQ5DMY8MmRBXQWSraglbWKinh_AP8yODA:1s6Y1I:n637MK6Yd4fPUEdiBazi0J51IsRqGzZnK1DXecq6pdI	2024-05-27 15:55:20.948611+00
twp63rty09f2zwif5y3nipy0mummicwl	.eJxVjEEOwiAQAP_C2ZCFthQ8eu8bCOwuUjWQlPZk_Lsh6UGvM5N5Cx-OPfuj8eZXElehRnH5hTHgk0s39AjlXiXWsm9rlD2Rp21yqcSv29n-DXJouX_JARmNetYANBEg8BxZu3EwGFFZmNlEq8mOyRImVpMy4MKQSA-Knfh8Af-dN_s:1sHq5P:KrKONGxg2HyKM8GkZNKmWEMKHQBBn5FnkowUY6Ex8pQ	2024-06-27 19:26:15.088578+00
sefwlkmz4usjlya8io7gmnqsejzprgef	.eJxVjDsOwjAQBe_iGln-ZmVKes5grb1eHEC2FCcV4u4QKQW0b2beS0Tc1hq3UZY4kzgLI06_W8L8KG0HdMd26zL3ti5zkrsiDzrktVN5Xg7376DiqN_aMyckPQFDMNomNIEcmMLMpHBKFFTQ5DMY8MmRBXQWSraglbWKinh_AP8yODA:1s6mfF:az_UBUE1fLCGzJSQRBiIt9ra_B_MrBKtcKWo56lii2U	2024-05-28 07:33:33.348553+00
ngspfbmfnpugq94yejyfhnxmvc3wvbj8	.eJxVjEEOwiAQRe_C2hAQCtSl-56BDDODVA1NSrsy3l1JutDtf-_9l4iwbyXujdc4k7gILU6_WwJ8cO2A7lBvi8SlbuucZFfkQZucFuLn9XD_Dgq08q2TxTNx9gPkjNaMxnNwABayCZiAstPZK0ZLalAM2Dmn0alkNJmgxfsDIMM5HQ:1s6tYQ:xeYuDLKvOIW1VnWxmn0Oe9Y-pnWRY2QttlH_BJ-Q6Oo	2024-05-28 14:54:58.047062+00
vzowlqbbh10fptd36hwhjyzrxzrpjczu	.eJxVjDEOwjAQBP_iGlmxnbsTlPS8ITr71iSAEokkFeLvECkFtDsz-3KdrkvfrTOe3WDu5EJ0h98xa7lj3IjddLxOvkzj8hyy3xS_09lfJsPjvLt_B73O_bduSZCLCWumKMY1oNFGIWxypMicIlcgcGozKgUQBKAkVkOhJrn3BxhiOG0:1s7ImC:gXUH2znSlWKRG0ES8qIEhOQQkEI1lZ86wdh2MmKJFl4	2024-05-29 17:50:52.115818+00
xl3c1e40qf0g6gtpfis4bzkovefietoe	.eJxVjMEOwiAQRP-FsyFA3RY8evcbyLK7SNXQpLQn47_bJj3obTLvzbxVxHUpcW0yx5HVRdlOnX7LhPSUuhN-YL1Pmqa6zGPSu6IP2vRtYnldD_fvoGAr29rZbpAEFoJPbjBZwAVjAnHIieFsoGfyBrdgEERy8qFHpGDRgSMk9fkC9Cc4Jw:1s7dKp:BXkB3-2JnC2wHvGPvNChSlIP1HWMJNsfSQL5a0SrJPk	2024-05-30 15:47:59.046505+00
rwadark3jotuixgqtrccout2hl08dokt	.eJxVjEEOwiAQRe_C2hAQCtSl-56BDDODVA1NSrsy3l1JutDtf-_9l4iwbyXujdc4k7gILU6_WwJ8cO2A7lBvi8SlbuucZFfkQZucFuLn9XD_Dgq08q2TxTNx9gPkjNaMxnNwABayCZiAstPZK0ZLalAM2Dmn0alkNJmgxfsDIMM5HQ:1s8EaT:NPBD6rdi-0ESmPm0OfQqKqmDrLYf8nBxLNIzWqN5yVg	2024-06-01 07:34:37.001483+00
x0w4uigbn5hvlvag7apkaware6ibnano	.eJxVjEEOwiAQRe_C2hAQCtSl-56BDDODVA1NSrsy3l1JutDtf-_9l4iwbyXujdc4k7gILU6_WwJ8cO2A7lBvi8SlbuucZFfkQZucFuLn9XD_Dgq08q2TxTNx9gPkjNaMxnNwABayCZiAstPZK0ZLalAM2Dmn0alkNJmgxfsDIMM5HQ:1s8nut:dWpymwNbhbJRmdUdzgIuZ8QUFiKLui0hV_uFKUzuJWs	2024-06-02 21:18:03.883876+00
ns0q93tawe9xa3sqzana88isu8qtfur2	.eJxVjEEOwiAQRe_C2hAQCtSl-56BDDODVA1NSrsy3l1JutDtf-_9l4iwbyXujdc4k7gILU6_WwJ8cO2A7lBvi8SlbuucZFfkQZucFuLn9XD_Dgq08q2TxTNx9gPkjNaMxnNwABayCZiAstPZK0ZLalAM2Dmn0alkNJmgxfsDIMM5HQ:1s97w2:4cSXVX0i7CWTUORmWdKJMKwkb-dV_hl6Iji2Z4fgCT0	2024-06-03 18:40:34.198986+00
n2tci89gj9qnm5c40af9iyiqnr2v08ux	.eJxVjEEOwiAQRe_C2hAQCtSl-56BDDODVA1NSrsy3l1JutDtf-_9l4iwbyXujdc4k7gILU6_WwJ8cO2A7lBvi8SlbuucZFfkQZucFuLn9XD_Dgq08q2TxTNx9gPkjNaMxnNwABayCZiAstPZK0ZLalAM2Dmn0alkNJmgxfsDIMM5HQ:1sAnta:ay5dKTPthgtnmzAyskXz7P3DLEKNjmlYNg2Few7Vg5w	2024-06-08 09:40:58.261147+00
3bvf3ml6fu33t5c67wdjeze6k2ux6cub	.eJxVjEEOwiAQRe_C2hAQCtSl-56BDDODVA1NSrsy3l1JutDtf-_9l4iwbyXujdc4k7gILU6_WwJ8cO2A7lBvi8SlbuucZFfkQZucFuLn9XD_Dgq08q2TxTNx9gPkjNaMxnNwABayCZiAstPZK0ZLalAM2Dmn0alkNJmgxfsDIMM5HQ:1sAshn:r0GbSSk7mL_3Zl0-1-ZmDZyrXZKn8QdZ7yy9tO9vFiI	2024-06-08 14:49:07.670279+00
iu53eh0vc61d0kersb6al0qiehy35u2e	.eJxVjMsOwiAQRf-FtSEDnULHpXu_gTADlaqBpI-V8d-1SRe6veec-1IhbmsJ25LnMCV1VgbU6XfkKI9cd5Lusd6allbXeWK9K_qgi762lJ-Xw_07KHEp33pAIQDuBdhmEEoxk_WxFzHOWsCRkFD60Rtk23liYt8BIrsBkiNQ7w_5-Dc-:1sAvwR:zOROHYPYtuA9CMHaZEeGABt2lj4hgDUH9xmKM342Woc	2024-06-08 18:16:27.425571+00
ko6zaph1cekzc3ch9cnsfuo9ssagfsko	.eJxVjDsOwjAQBe_iGlkY_ynpOYO1m13jALKlOKlQ7h4ipYD2zcz7iATLXNLSeUojiatQUZx-R4ThxXUn9IT6aHJodZ5GlLsiD9rlvRG_b4f7d1Cgl29tnGFGRSEGhZxzwKCV9UpfmAxl0NYDgTXWE2eEoAkgQtTROHJ4zmLdACbOOQo:1sB97I:ar9AmbF2DpTXZ0Hh0EJf2eBX2BgpLeQ1PmV7ecIFWnU	2024-06-09 08:20:32.613758+00
z38zvidezeavuxdfo6djjk8bjce18bhc	.eJxVjEEOwiAQRe_C2hAQCtSl-56BDDODVA1NSrsy3l1JutDtf-_9l4iwbyXujdc4k7gILU6_WwJ8cO2A7lBvi8SlbuucZFfkQZucFuLn9XD_Dgq08q2TxTNx9gPkjNaMxnNwABayCZiAstPZK0ZLalAM2Dmn0alkNJmgxfsDIMM5HQ:1sBf0B:a3dImkgbhwKTqN9tL7a4vDLIj8WRypvgcuNH2XgJ8-4	2024-06-10 18:23:19.045573+00
\.


--
-- Data for Name: domain_domain; Type: TABLE DATA; Schema: public; Owner: user_db_ideas
--

COPY public.domain_domain (id, domain) FROM stdin;
1	lamart.site
2	aratrum.ru
3	urfu.ru
\.


--
-- Data for Name: organizations_department; Type: TABLE DATA; Schema: public; Owner: user_db_ideas
--

COPY public.organizations_department (id, name, organization_id, head_of_department_id) FROM stdin;
52	ИРИТ-РТФ	15	\N
1	IT отдел	1	20
2	IT отдел	2	2
25	Отдел тестирования	1	\N
\.


--
-- Data for Name: organizations_organization; Type: TABLE DATA; Schema: public; Owner: user_db_ideas
--

COPY public.organizations_organization (id, name) FROM stdin;
2	LamArt
1	Aratrum
15	УрФУ
\.


--
-- Data for Name: queries_assignedexperts; Type: TABLE DATA; Schema: public; Owner: user_db_ideas
--

COPY public.queries_assignedexperts (id, direction_id, expert_id) FROM stdin;
2	1	2
5	2	4
21	1	13
22	19	23
23	20	5
24	21	14
28	24	14
29	25	10
\.


--
-- Data for Name: queries_direction; Type: TABLE DATA; Schema: public; Owner: user_db_ideas
--

COPY public.queries_direction (id, name, description) FROM stdin;
25	IT	IT (информационные технологии) — это сфера деятельности, которая включает управление информацией и её обработку при помощи техники: компьютеров, программного обеспечения и сетей.
20	Бережливое производство	Концепция рационализации бизнес-процессов, направленная на его ускорение и сглаживание путем выявления и исключения процессов, которые не добавляют ценности продукту и являющихся причиной возникновения так называемых "скрытых потерь" деятельности компании. Бережливое производство предполагает вовлечение в процесс оптимизации каждого сотрудника и максимальную ориентацию на потребителя.
19	Бизнес процессы	Совокупность взаимосвязанных задач и мероприятий, направленных на достижение определённой цели или результата в рамках организации.\nБизнес-процессы могут включать как производственные, так и административные функции и являются основой эффективного функционирования предприятия. Бизнес-процессы могут включать как производственные, так и административные функции и являются основой эффективного функционирования предприятия. \nПравильное управление и оптимизация бизнес-процессов позволяет значительно улучшить производительность, качество, гибкость, прозрачность и управляемость предприятия.
24	тест2	тест2
21	Корпоративная культура	Корпоративная культура (организационная культура) — это система убеждений, ценностей и ожиданий, определяющих нормы поведения в организации. Субъектом корпоративной культуры является корпорация как целостная система.
1	Охрана труда	Охрана труда - это система сохранения жизни и здоровья работников в процессе трудовой деятельности, включающая в себя правовые, социально-экономические, организационно-технические, санитарно-гигиенические, лечебно-профилактические, реабилитационные и иные мероприятия, образующие механизм реализации конституционного права граждан на труд (ст. 37 Конституции РФ) в условиях, отвечающих требованиям безопасности и гигиены.
2	Экология	Промышленная экология — это наука о новых технологических процес-сах, машинах и аппаратах, позволяющих создавать производства, гармони-рующие с окружающей средой
\.


--
-- Data for Name: queries_querycomment; Type: TABLE DATA; Schema: public; Owner: user_db_ideas
--

COPY public.queries_querycomment (id, comment_text, created_at, query_id, user_id) FROM stdin;
7	фкук	2024-02-28 16:44:51.435644+00	20	4
10	Всё круто!	2024-03-06 15:23:50.717327+00	30	2
12	Отлично!	2024-04-12 13:09:53.160058+00	30	13
14	добрый день	2024-05-28 09:41:20.356781+00	37	20
15	Отлично!	2024-06-13 10:40:44.222484+00	33	20
16	fe	2024-06-13 11:37:58.079103+00	33	20
17	ПРивет!	2024-06-13 12:56:56.449349+00	33	13
18	koko	2024-06-13 16:05:27.373626+00	33	13
19	kokokokok	2024-06-13 16:05:41.401354+00	33	13
\.


--
-- Data for Name: queries_queryfile; Type: TABLE DATA; Schema: public; Owner: user_db_ideas
--

COPY public.queries_queryfile (id, file, query_id, query_draft_id) FROM stdin;
29	132_2024-07-18/san-francisko-kaliforniya-ssha-most-zolotye-vorota-zolotye-vorota-gorod-n_DztOpQ0.jpg	132	\N
32	110_2024-07-25/mota_ru_981708-d60.jpg	110	\N
33	111_2024-07-25/San_francisco_oakland_bridge-Cities_HD_desktop_wallpaper_2560x1600.jpg	111	\N
34	111_2024-07-25/san-francisko-kaliforniya-ssha-most-zolotye-vorota-zolotye-vorota-gorod-n_2I6EvW2.jpg	111	\N
35	154_2024-07-25/mota_ru_981708-d60.jpg	154	\N
36	154_2024-07-25/san-francisko-kaliforniya-ssha-most-zolotye-vorota-zolotye-vorota-gorod-n_34gLFJe.jpg	154	\N
39	157_2024-07-25/mota_ru_981708-d60.jpg	157	\N
41	49_2024-07-25/Тест_2.docx	49	\N
43	157_2024-07-25/Тест_2_g6HqfYq.docx	157	\N
45	160_2024-08-12/San_francisco_oakland_bridge-Cities_HD_desktop_wallpaper_2560x1600.jpg	160	\N
48	160_2024-08-12/sanfrantsisko_nochnoj_gorod_most_120756_1920x1080.jpg	160	\N
49	160_2024-08-12/san-francisko-kaliforniya-ssha-most-zolotye-vorota-zolotye-vorota-gorod-n_3YhdjS8.jpg	160	\N
50	166_2024-08-12/sanfrantsisko_nochnoj_gorod_most_120756_1920x1080.jpg	166	\N
51	166_2024-08-12/san-francisko-kaliforniya-ssha-most-zolotye-vorota-zolotye-vorota-gorod-n_hMVG0bO.jpg	166	\N
54	172_2024-08-12/sanfrantsisko_nochnoj_gorod_most_120756_1920x1080.jpg	172	\N
55	172_2024-08-12/Тест_2.docx	172	\N
56	176_2024-08-12/Тест_2.docx	176	\N
\.


--
-- Data for Name: queries_userquery; Type: TABLE DATA; Schema: public; Owner: user_db_ideas
--

COPY public.queries_userquery (id, date, name, description, implementation_effect, status, initiative_direction_id, organization_id, department_id, planned_implementation_date) FROM stdin;
112	2024-07-05	42	42	42	check	2	1	\N	2024-07-05
50	2024-07-03	Тест3	Тест3Тест3	Тест3Тест3	registered	1	1	\N	2024-07-03
113	2024-07-05	51	51	51	check	1	1	\N	2024-07-05
114	2024-07-05	47	47	47	check	2	1	\N	2024-07-05
115	2024-07-05	проверка загрузки файлов17	проверка загрузки файлов17	проверка загрузки файлов17	check	2	1	\N	2024-07-05
116	2024-07-05	загрузка файлов18	загрузка файлов18	загрузка файлов18	check	2	1	\N	2024-07-05
119	2024-07-05	2	2	2	check	2	1	\N	2024-07-05
108	2024-07-19	72	73	73	check	2	1	\N	2024-07-05
109	2024-07-19	75	71	71	check	2	1	\N	2024-07-05
15	2024-02-28	Хэллоу	описание описания	эффект от эффекта	rejected	2	1	\N	2024-06-29
110	2024-07-25	62	62	62	check	2	1	\N	2024-07-05
19	2024-02-28	ропро	рпрпрпоопр	ьлдьлдл	done	1	1	\N	2024-06-29
20	2024-02-28	починить сайт	даешь стабильную работу!	деньги	rejected	2	1	\N	2024-06-29
33	2024-04-11	123	123	123	check	1	1	\N	2024-06-29
54	2024-07-03	Тест3	Тест3Тест3	Тест3Тест3	registered	1	1	\N	2024-07-03
111	2024-07-25	61	61	61	check	2	1	\N	2024-07-05
34	2024-04-17	Проверить файлы	…	….	check	2	1	\N	2024-06-29
35	2024-04-17	Новая инициатива	Тут будет Описание	Тут будет эффект	check	1	1	\N	2024-06-29
56	2024-07-03	Тест3	Тест3Тест3	Тест3Тест3	check	1	1	\N	2024-07-03
30	2024-04-24	Купить служебный автомобиль	Люблю деревья	Тестим	accepted	1	2	\N	2024-06-29
36	2024-05-11	Тест	test	тест	check	1	2	\N	2024-06-29
58	2024-07-03	Тест4Тест3	Тест4Тест3Тест4Тест3	Тест4Тест3Тест4Тест3	check	2	1	\N	2024-07-03
10	2024-03-06	string	string	string	rejected	1	1	\N	2024-06-29
13	2024-05-25	Создать инициативу	Тестим тестим	Тест12312312	analysis	2	1	\N	2024-06-29
23	2024-05-25	Поменять дверь в кабинете 203	В кабинете из за повреждения двери возникает сквозняк при открытии окна.	После замены двери сквозняка не будет, что уменьшит риск простыть на рабочем месте.	done	1	1	\N	2024-06-29
60	2024-07-03	Загрузка файлов	Загрузка файлов	Загрузка файлов	check	2	1	\N	2024-07-03
61	2024-07-03	Загрузка файлов2	Загрузка файлов2	Загрузка файлов2	check	1	1	\N	2024-07-03
62	2024-07-03	загрузка файлов23	загрузка файлов23	загрузка файлов23	check	2	1	\N	2024-07-03
37	2024-05-28	идея	идея	идея	implementation	1	1	\N	2024-06-29
38	2024-05-28	12345	123	123	analysis	1	15	\N	2024-06-29
39	2024-05-31	тест	тестим	тестим2	check	2	2	\N	2024-06-29
40	2024-06-02	Тест	Тест	Тест	check	1	1	\N	2024-06-29
41	2024-06-13	Привет	Тест	тест	check	2	1	\N	2024-06-29
42	2024-06-18	init1	init1	init1	check	2	1	\N	2024-06-29
43	2024-06-24	ыав	уца	уац	check	2	1	\N	2024-06-29
44	2024-06-29	563	dh	dtrh	check	2	1	\N	2024-06-29
63	2024-07-03	загрузка файлов3	загрузка файлов3загрузка файлов3	загрузка файлов3	check	2	1	\N	2024-07-03
64	2024-07-03	загрузка файлов4	загрузка файлов4	загрузка файлов4	check	2	1	\N	2024-07-03
65	2024-07-03	загрузка	загрузка	загрузка	check	1	1	\N	2024-07-03
73	2024-07-04	тест загрузки14	тест загрузки14	тест загрузки14	check	2	1	\N	2024-07-04
74	2024-07-04	Загрузка файлов15	Загрузка файлов15	Загрузка файлов15	check	2	1	\N	2024-07-04
75	2024-07-04	Загрузка файлов17	Загрузка файлов17	Загрузка файлов17	check	1	1	\N	2024-07-04
76	2024-07-04	загрузка файлов21	загрузка файлов21	загрузка файлов21	check	1	1	\N	2024-07-04
77	2024-07-04	загрузка файлов41	загрузка файлов41	загрузка файлов41	check	2	1	\N	2024-07-04
78	2024-07-04	загрузка файлов27	загрузка файлов27	загрузка файлов27	check	2	1	\N	2024-07-04
79	2024-07-04	загрузка файлов42	загрузка файлов42	загрузка файлов42	check	2	1	\N	2024-07-04
80	2024-07-04	тест загрузки18	тест загрузки18	тест загрузки18	check	2	1	\N	2024-07-04
81	2024-07-04	загрузка файлов47	загрузка файлов47	загрузка файлов47	check	2	1	\N	2024-07-04
82	2024-07-04	загрузка файлов9	загрузка файлов9	загрузка файлов9	check	2	1	\N	2024-07-04
83	2024-07-04	загрузка файлов27	загрузка файлов27	загрузка файлов27	check	2	1	\N	2024-07-04
84	2024-07-04	проверка загрузки файлов	проверка загрузки файлов	проверка загрузки файлов	check	1	1	\N	2024-07-04
85	2024-07-04	проверка загрузки файлов12	проверка загрузки файлов	проверка загрузки файлов	check	1	1	\N	2024-07-04
86	2024-07-04	проверка загрузки файлов14	проверка загрузки файлов14	проверка загрузки файлов14	check	2	1	\N	2024-07-04
117	2024-07-05	тест загрузки79	тест загрузки79	тест загрузки79	check	2	1	\N	2024-07-05
118	2024-07-05	загрузка файлов9	загрузка файлов9	загрузка файлов9	check	2	1	\N	2024-07-05
120	2024-07-05	проверка загрузки файлов479	проверка загрузки файлов479	проверка загрузки файлов479	check	2	1	\N	2024-07-05
107	2024-07-09	72	72	72	check	2	1	\N	2024-07-05
121	2024-07-09	dsadas	авыавы	аывавываы	check	1	1	\N	2024-07-09
122	2024-07-09	Тест лол	выфвыф	вфывфы	check	2	1	\N	2024-07-09
123	2024-07-10	Проверка размера файлов	Проверка размера файлов	Проверка размера файлов	check	2	1	\N	2024-07-10
124	2024-07-10	Проверка файлов125	Проверка файлов125	Проверка файлов125	check	2	1	\N	2024-07-10
125	2024-07-10	Проверка файлов126	Проверка файлов126	Проверка файлов126	check	2	1	\N	2024-07-10
126	2024-07-10	Проверка файлов120	Проверка файлов126	Проверка файлов126	check	2	1	\N	2024-07-10
127	2024-07-10	проверка869	проверка869	проверка869	check	2	1	\N	2024-07-10
128	2024-07-16	dsadas	аввыа	авыавыв	check	2	1	\N	2024-07-16
129	2024-07-16	тесмт	ткуав	пвапав	check	1	1	\N	2024-07-16
130	2024-07-18	загрузка файлов	загрузка файлов	загрузка файлов	check	2	1	\N	2024-07-18
132	2024-07-18	загрузка файлов27	загрузка файлов27	загрузка файлов27	check	2	1	\N	2024-07-18
139	2024-07-20	привет	привевт	привет	check	1	1	1	2024-07-20
140	2024-07-20	Aratrum	fdsfds	fdsfdsdsf	check	1	2	1	2024-07-20
141	2024-07-20	string	string	string	registered	1	1	1	2024-07-20
146	2024-07-20	string	string	string	registered	1	1	1	\N
147	2024-07-21	Привет	Привет	Приает	check	1	1	\N	\N
148	2024-07-21	fsdfsdfsd	шргшгр	рщршщ	check	2	1	\N	\N
149	2024-07-21	rew	rewwerwerwer	rwerwer	check	1	1	\N	\N
150	2024-07-21	Йоу	Йоуйоу	авыаыв	check	1	1	\N	\N
151	2024-07-22	идея номер 1	описание для идеи короткое или не очень, описание для идеи короткое или не очень, описание для идеи короткое или не очень, описание для идеи короткое или не очень, описание для идеи короткое или не очень, описание для идеи короткое или не очень, описание для идеи короткое или не очень, описание для идеи короткое или не очень, описание для идеи короткое или не очень, описание для идеи короткое или не очень, описание для идеи короткое или не очень, описание для идеи короткое или не очень, описание для идеи короткое или не очень, описание для идеи короткое или не очень, описание для идеи короткое или не очень, описание для идеи короткое или не очень, описание для идеи короткое или не очень,	описание для идеи короткое или не очень	check	2	1	\N	\N
152	2024-07-22	Идея 2	Описание идеи 2	Тут тоже 2	check	1	1	\N	\N
153	2024-07-23	dsadas	bvcbvcbvcbc	vbcvbvcbcvbvcb	check	1	1	\N	2024-07-23
155	2024-07-25	21	21	21	check	1	1	\N	2024-07-25
154	2024-07-25	17	17	17	check	1	1	\N	2024-07-25
156	2024-07-25	22	22	22	check	2	1	\N	2024-07-25
49	2024-07-25	Тест2	Тест2Тест2	Тест2Тест2	registered	1	1	\N	2024-07-03
157	2024-07-26	1956	1956	1956	check	2	1	\N	2024-07-25
158	2024-07-30	1312	12312	1213	check	21	1	\N	2024-07-30
159	2024-08-12	тест загрузки	загрузка файлов27	загрузка файлов27	check	2	1	1	2024-08-12
160	2024-08-12	загрузка файлов27	загрузка файлов276	загрузка файлов276	check	1	1	1	2024-08-12
161	2024-08-12	Тест21	Тест21	Тест21	check	19	1	1	2024-08-12
162	2024-08-12	тест загрузки120824	тест загрузки120824	тест загрузки120824	check	19	1	\N	2024-08-12
163	2024-08-12	загрузка файлов2798	загрузка файлов2798	загрузка файлов2798	check	1	1	\N	2024-08-12
164	2024-08-12	загрузка файлов1208249	загрузка файлов1208249	загрузка файлов1208249	check	21	1	\N	2024-08-12
165	2024-08-12	загрузка файлов27	загрузка файлов1208249	загрузка файлов1208249	check	19	1	\N	2024-08-12
166	2024-08-12	j	jwwk	san	check	2	1	\N	2024-08-12
167	2024-08-12	загрузка файлов27	загрузка файлов27	загрузка файлов27	check	2	1	\N	2024-08-12
168	2024-08-12	hjbi	uhjio	huiojo	check	1	1	\N	2024-08-12
170	2024-08-12	ijeopdasx	jNZX	xzn	check	1	1	\N	2024-08-12
171	2024-08-12	тест загрузки	HJIOA	jsxo	check	2	1	\N	2024-08-12
169	2024-08-12	hbhjk	hgjbui	hjioipo	check	2	1	\N	2024-08-12
172	2024-08-12	kjasldx	syiuacx	hsgakx	check	19	1	\N	2024-08-12
173	2024-08-12	9	9	9	check	2	1	\N	2024-08-12
174	2024-08-12	19	19	19	check	19	1	1	2024-08-12
175	2024-08-12	78	78	78	check	1	1	1	2024-08-12
176	2024-08-12	23	23	23	check	19	1	1	2024-08-12
177	2024-09-18	dsadas	hgfhfghfg	hgfhfgh	check	20	1	1	2024-09-18
178	2024-09-18	bgdfgdf	gfdgfdgfdg	gdfgdfgdf	check	19	1	1	2024-09-18
179	2024-09-18	вфывфы	аывавыаыв	аываыв	check	1	1	1	2024-09-18
180	2024-09-20	Тест страницы ThanksIdea	Тестируем	Классная и полезная страница	check	21	1	\N	\N
181	2024-09-20	Тест 2 страницы ThanksIdea	123	123	check	21	1	\N	\N
182	2024-09-20	123	123	123	check	19	1	\N	\N
\.


--
-- Data for Name: queries_userquery_expert_users; Type: TABLE DATA; Schema: public; Owner: user_db_ideas
--

COPY public.queries_userquery_expert_users (id, userquery_id, user_id) FROM stdin;
108	107	4
109	108	4
110	109	4
111	110	4
112	111	4
113	112	4
14	20	4
114	113	2
115	114	4
116	115	4
117	116	4
118	117	4
119	118	4
120	119	4
121	120	4
122	121	2
123	122	4
124	123	4
125	124	4
126	125	4
127	126	4
128	127	4
30	30	4
31	23	4
129	128	4
130	129	2
34	33	2
131	130	4
133	132	4
38	37	2
39	38	2
40	39	4
41	40	2
42	41	4
43	42	4
44	43	4
45	44	4
50	49	2
51	50	2
140	141	2
55	54	2
57	56	2
59	58	4
143	146	2
61	60	4
62	61	2
63	62	4
64	63	4
65	64	4
66	65	2
144	147	2
145	148	4
146	149	2
147	150	2
148	151	4
149	152	2
150	153	2
74	73	4
75	74	4
76	75	2
77	76	2
78	77	4
79	78	4
80	79	4
81	80	4
82	81	4
83	82	4
84	83	4
85	84	2
86	85	2
87	86	4
151	154	2
152	155	2
153	156	4
154	157	4
155	158	14
156	159	20
157	160	20
158	161	23
159	162	23
160	163	13
161	164	14
162	165	23
163	166	4
164	167	4
165	168	13
166	169	4
167	170	13
168	171	4
169	172	23
170	173	4
171	174	23
172	175	20
173	176	23
174	177	5
175	178	23
176	179	13
177	180	14
178	181	14
179	182	23
\.


--
-- Data for Name: queries_userquery_initiator_users; Type: TABLE DATA; Schema: public; Owner: user_db_ideas
--

COPY public.queries_userquery_initiator_users (id, userquery_id, user_id) FROM stdin;
107	107	20
108	108	20
109	109	20
110	110	20
111	111	20
112	112	20
113	113	20
114	114	20
115	115	20
10	10	2
116	116	20
117	117	20
13	13	2
118	118	20
119	119	20
120	120	20
121	121	13
122	122	13
123	123	20
20	20	4
124	124	20
125	125	20
23	23	4
126	126	20
127	127	20
128	128	13
129	129	13
130	130	20
30	30	2
132	132	20
34	34	15
36	36	2
37	37	20
38	38	20
39	39	2
40	40	20
41	41	13
42	42	23
43	43	4
44	44	10
139	139	13
49	49	20
50	50	20
140	140	14
141	141	20
54	54	20
56	56	20
144	146	20
58	58	20
145	147	20
60	60	20
61	61	20
62	62	20
63	63	20
64	64	20
65	65	20
146	148	13
147	149	13
148	150	13
149	151	20
150	152	20
151	153	13
152	154	20
73	73	20
74	74	20
75	75	20
76	76	20
77	77	20
78	78	20
79	79	20
80	80	20
81	81	20
82	82	20
83	83	20
84	84	20
85	85	20
86	86	20
153	155	20
154	156	20
155	157	20
156	158	20
157	159	20
158	160	20
159	161	20
160	162	20
161	163	20
162	164	20
163	165	20
164	166	20
165	167	20
166	168	20
167	169	20
168	170	20
169	171	20
170	172	20
171	173	20
172	174	20
173	175	20
174	176	20
175	177	13
176	178	13
177	179	13
178	180	10
179	181	10
180	182	10
\.


--
-- Data for Name: queries_userquery_responsible_user; Type: TABLE DATA; Schema: public; Owner: user_db_ideas
--

COPY public.queries_userquery_responsible_user (id, userquery_id, user_id) FROM stdin;
2	141	20
5	146	20
\.


--
-- Data for Name: queries_userquerydraft; Type: TABLE DATA; Schema: public; Owner: user_db_ideas
--

COPY public.queries_userquerydraft (id, date, name, description, implementation_effect, initiative_direction_id, organization_id) FROM stdin;
1	2024-02-22	Тест1	Тест2	Тест3	1	1
2	2024-02-22	Тест1	Тест2	Тест3	1	1
3	2024-02-22	Test3	Test2	Test1	1	1
4	2024-02-22	Test3	Test2	Test1	1	1
5	2024-02-22	Test3	Test2	Test1	1	1
6	2024-02-22	Тестим1112 123123	Тестим тестим 222	Снова тестим	1	1
7	2024-02-22	ППП	ывлаоыв	двыоладывоаыв	1	1
8	2024-02-22	ТЕстииим	Тестиммм2312312312	йлцулцйлуйцл	1	1
9	2024-02-22	Dhhd	Dhdh	Hdhd	2	1
10	2024-02-23	Тест777	Тест666	888	2	1
11	2024-02-23	Создать инициативу	Тестим тестим	Тест12312312	2	1
12	2024-03-03	ТЕст 03.03.2024	ТЕст2222	ТЕст333	1	2
13	2024-03-03	Тест 11:00	Тестим7774	Хочу чтобы инициатива принялась	2	2
14	2024-03-03	Новый тест	даоывоаываыв	дфыадлфоыаофыа	2	2
15	2024-03-06	Тест 06.03.2024	Тестим среду	Хочу работать	2	2
16	2024-03-06	Тестим на конвенте	Люблю деревья	Тестим	2	2
17	2024-03-10	Тест111	Тест2122	ТЕст12312	2	2
18	2024-05-11	Тест	test	тест	1	2
19	2024-05-31	тест	тестим	тестим2	2	2
\.


--
-- Data for Name: queries_userquerydraft_initiator_users; Type: TABLE DATA; Schema: public; Owner: user_db_ideas
--

COPY public.queries_userquerydraft_initiator_users (id, userquerydraft_id, user_id) FROM stdin;
1	1	2
2	2	2
3	3	2
4	4	2
5	5	2
6	6	2
7	7	2
8	8	2
10	10	2
11	11	2
12	12	2
13	13	2
14	14	2
15	15	2
16	16	2
17	17	2
18	18	2
19	19	2
\.


--
-- Data for Name: reg_authtoken; Type: TABLE DATA; Schema: public; Owner: user_db_ideas
--

COPY public.reg_authtoken (id, email, token, created_at, password) FROM stdin;
4	iam@aratrum.ru	9579	2024-03-11 21:52:44.08362+00	123456
13	ggdsdsfsfddsfdsfdsfeqws@aratrum.ru	4645	2024-04-02 15:27:22.814188+00	Nikufim14
14	gds@aratrum.ru	5354	2024-04-04 17:51:31.5306+00	123456
18	test@lamart.site	6853	2024-04-18 17:41:19.739215+00	P@ssw0rd
\.


--
-- Data for Name: reg_passwordchangetoken; Type: TABLE DATA; Schema: public; Owner: user_db_ideas
--

COPY public.reg_passwordchangetoken (id, email, token, created_at) FROM stdin;
2	ao@aratrum.ru	7253	2024-06-27 16:19:16.693055+00
\.


--
-- Data for Name: settings_settings; Type: TABLE DATA; Schema: public; Owner: user_db_ideas
--

COPY public.settings_settings (id, max_file_size, max_files_attached, anonymous_status, allow_file_attachment, assignment_settings) FROM stdin;
1	5000	5	t	t	direction
\.


--
-- Data for Name: users_user; Type: TABLE DATA; Schema: public; Owner: user_db_ideas
--

COPY public.users_user (id, password, last_login, is_superuser, username, first_name, last_name, is_staff, is_active, date_joined, name, email, is_verified, department_id) FROM stdin;
12	pbkdf2_sha256$600000$tisw2bL4nP0xFtlQvicvW9$4ShPr+p74PpbXGQXKh2apJfw9HXHK7HwaK1Q2JXgvx8=	2024-10-16 13:54:23.7926+00	t	ia@aratrum.ru			t	t	2024-03-20 07:28:33.472351+00	Ахметов Илья Рашидович	ia@aratrum.ru	t	1
13	pbkdf2_sha256$600000$oCNNnminpQt3Nn9E9yq5iX$cFWcCKiWtZhUCn6rohsw/L4wTuzCzCm5esULMxy0IOE=	2024-07-30 16:56:18.363237+00	t	gk@aratrum.ru			t	t	2024-03-20 16:49:07.630902+00	Крылов Глеб Иванович	gk@aratrum.ru	t	1
14	pbkdf2_sha256$600000$A8KwvPaiM2OzGuUJIYj5ld$vDw08/lswhAVKvNt3PL1WIl3orPWhRwaVcEyCw6wrPA=	2024-06-17 16:33:19.302918+00	t	ad@aratrum.ru			t	t	2024-04-05 07:58:11.520619+00	Денисов Александр Александрович	ad@aratrum.ru	t	1
10	pbkdf2_sha256$600000$yDiWmqSMCL6UUlShhxh9Cm$o7ZlC7pemuMAuYZ3wdzcz1fOf0Nz6Uunsvo+jyRWjqM=	2024-10-16 15:36:38.848422+00	t	mn@aratrum.ru			t	t	2024-03-18 16:26:11.84429+00	Никитина Мария Алексеевна	mn@aratrum.ru	t	1
23	pbkdf2_sha256$600000$RPxPLBLaEZQNHrftHhMkrQ$ynKPJHx7tr9RdG3ezNKb9kqe/Lwsc7LAScELrds//Co=	2024-07-15 11:46:38.09954+00	t	ao@aratrum.ru			t	t	2024-06-17 18:05:25.07937+00	Осипов Андрей	ao@aratrum.ru	t	1
21	pbkdf2_sha256$600000$4WkZHEe1tfclKd9wEkF8fA$pDdMz+NaGsanGwzk3KiaUq19LT3A2nm7LHG74ErS+vg=	2024-07-20 13:20:22.13265+00	t	tsarg			t	t	2024-05-27 19:34:39.6427+00		gt@aratrum.ru	f	\N
11	pbkdf2_sha256$600000$xBPKardYwaYivHsCcanYqY$7cXlMdy6vA6UGhK6LoiOh8ansDiAoX3dM4ruH5Qvaq0=	2024-03-20 07:23:38.86469+00	f	mf@aratrum.ru			f	t	2024-03-20 07:23:38.385234+00	Финадеев Максим Александрович	mf@aratrum.ru	t	2
20	pbkdf2_sha256$600000$Y52rK5iaqM4dsi6EZ8wmDI$0sK1dws07XzgADqmLe9lB9GIKtVrSAo8oMFhSQYlm1M=	2024-10-25 12:22:16.673632+00	t	gt@aratrum.ru			t	t	2024-05-27 19:28:40.922903+00	Царегородцев Георгий Павлович	gt@aratrum.ru	t	1
4	pbkdf2_sha256$600000$cXX2oQQcyF4ikEoJgeHVwY$A4/jdOI1lceDDHh98h4cbjvAEaBAprE5n7HovMhmyns=	2024-09-20 16:04:34.931838+00	t	nu@aratrum.ru			t	t	2024-02-28 16:03:49.689341+00	Уфимцев Никита Сергеевич	nu@aratrum.ru	t	1
24	pbkdf2_sha256$600000$87FH4qg8HC4lO9WKJf1rLx$+c4XkJhODgq36QR3SZ3mfzqBCKZxnBY9cm9GSxD4qi8=	2024-10-15 09:13:13.570644+00	f	rl@aratrum.ru			f	t	2024-10-15 09:13:13.054775+00	Лещишин Роман Александрович	rl@aratrum.ru	t	1
6	pbkdf2_sha256$600000$Gboz5kn3nXzl5M5eysfBKX$abDFlOsIgg6mIiekUDTJakM2PX7Pq2LRQBwqK+cK/Kw=	2024-03-11 22:52:41.247719+00	f	in@lamart.site			f	t	2024-03-11 22:00:59.301734+00	Чирков Дмитрий	in@lamart.site	t	1
7	pbkdf2_sha256$600000$Bl2FEiQR5NzVSxwP52mKrI$QGzqkJgMjeDBbbpEvUxSWgaAjXGqekMOu0VxjqccvPo=	2024-03-11 23:04:33.558641+00	f	adm@lamart.site			f	t	2024-03-11 23:04:33.080507+00		adm@lamart.site	f	\N
8	pbkdf2_sha256$600000$LnTjcbiN8XMMBF4q5fUknL$55nMrSLUQjRouxHib+T2QiXLhhjsSPn7m+I2p86tjBU=	2024-03-11 23:09:29.684879+00	f	inbox@lamart.site			f	t	2024-03-11 23:07:27.793769+00		inbox@lamart.site	f	\N
15	pbkdf2_sha256$600000$xmESCliQbyyTJ4qiJfGKSS$5M3VzgOlDR0QuN25FG+rtjENk5616FCBfWCZ53qiFs4=	2024-04-20 15:46:30.017667+00	f	ra@aratrum.ru			f	t	2024-04-17 08:27:05.100897+00	Аббасов Руслан Векил Оглы	ra@aratrum.ru	t	1
5	pbkdf2_sha256$600000$Wc3VBHfDz1nPfRQzlyVyoO$omzxtEh0zh/72AOuRa71lWhtkrhT3aHK6mZ20XVWcpk=	2024-03-04 16:36:43.376668+00	f	ik@aratrum.ru			f	t	2024-03-04 16:36:42.884057+00	Кошеленко Иван Денисович	ik@aratrum.ru	t	1
22	pbkdf2_sha256$600000$NB81nmT8tcqTsZfoZIjGli$1+1R482hboTKynP/KBVeNJLnzuiaz8CZSxKhHC+16q0=	2024-05-27 19:40:13.587542+00	f	g.p.tsaregorodtsev@urfu.ru			f	t	2024-05-27 19:40:13.111931+00	Царегородцев	g.p.tsaregorodtsev@urfu.ru	t	2
9	pbkdf2_sha256$600000$MvfFwfvQBDRCGKWyKMCkgs$c3ZX5ZLYXmxBYg2WGqS0sKoCpL5R+jP1Sbasy9AHtNc=	2024-03-27 14:53:14.656099+00	t	at@aratrum.ru			t	t	2024-03-18 15:56:56.690265+00	Торопов Арсений Алексеевич	at@aratrum.ru	t	2
2	pbkdf2_sha256$600000$zHL2xKV07jwc7m1ljsGuRN$BN2KL7dgSSwt75OTnkm/yioH2tVTYMXnx2nQcNLS6dc=	2024-05-14 07:33:33.328499+00	t	ilya.salnikov@lamart.site			t	t	2024-02-17 13:45:59.928228+00	Илья Сальников	ilya.salnikov@lamart.site	t	2
16	pbkdf2_sha256$600000$FVjhn70vgh92Sv8RRkureN$lXFGDKfwmYkMB5PuAHUHN7SV2EtH4oX7CVZyhgklHYE=	2024-04-18 10:44:09.86879+00	t	mihail.aryshenskyi@samara-metallurg.ru			f	f	2024-04-18 08:37:28.546243+00	Mihail Aryshenskyi	mihail.aryshenskyi@samara-metallurg.ru	t	1
19	pbkdf2_sha256$600000$TOipptH3KnQckjivBtTlFJ$HFbEtMCeIWQIXF1Z7+IkNfWq9nmsAdXoTRHVbuGbzLs=	2024-05-26 08:20:32.606559+00	f	m.a.shesterov@urfu.ru			f	t	2024-05-26 08:20:32.1056+00	Шестеров М.А.	m.a.shesterov@urfu.ru	t	1
\.


--
-- Data for Name: users_user_groups; Type: TABLE DATA; Schema: public; Owner: user_db_ideas
--

COPY public.users_user_groups (id, user_id, group_id) FROM stdin;
1	2	1
2	2	2
8	4	1
9	4	2
11	5	1
12	5	2
14	6	1
15	6	2
17	7	1
18	7	2
19	8	1
20	8	2
21	9	1
22	9	2
24	10	1
25	10	2
27	11	1
28	11	2
30	12	1
31	12	2
33	13	1
34	13	2
41	14	1
42	14	2
44	15	1
45	15	2
47	16	1
48	16	2
55	19	1
56	19	2
57	20	1
58	20	2
60	22	1
61	22	2
63	23	1
64	23	2
66	24	1
67	24	2
\.


--
-- Data for Name: users_user_likes; Type: TABLE DATA; Schema: public; Owner: user_db_ideas
--

COPY public.users_user_likes (id, user_id, userquery_id) FROM stdin;
8	2	30
10	4	13
23	13	30
24	15	34
27	20	33
41	13	33
42	20	157
\.


--
-- Data for Name: users_user_user_permissions; Type: TABLE DATA; Schema: public; Owner: user_db_ideas
--

COPY public.users_user_user_permissions (id, user_id, permission_id) FROM stdin;
\.


--
-- Name: auth_group_id_seq; Type: SEQUENCE SET; Schema: public; Owner: user_db_ideas
--

SELECT pg_catalog.setval('public.auth_group_id_seq', 2, true);


--
-- Name: auth_group_permissions_id_seq; Type: SEQUENCE SET; Schema: public; Owner: user_db_ideas
--

SELECT pg_catalog.setval('public.auth_group_permissions_id_seq', 17, true);


--
-- Name: auth_permission_id_seq; Type: SEQUENCE SET; Schema: public; Owner: user_db_ideas
--

SELECT pg_catalog.setval('public.auth_permission_id_seq', 89, true);


--
-- Name: django_admin_log_id_seq; Type: SEQUENCE SET; Schema: public; Owner: user_db_ideas
--

SELECT pg_catalog.setval('public.django_admin_log_id_seq', 85, true);


--
-- Name: django_content_type_id_seq; Type: SEQUENCE SET; Schema: public; Owner: user_db_ideas
--

SELECT pg_catalog.setval('public.django_content_type_id_seq', 18, true);


--
-- Name: django_migrations_id_seq; Type: SEQUENCE SET; Schema: public; Owner: user_db_ideas
--

SELECT pg_catalog.setval('public.django_migrations_id_seq', 45, true);


--
-- Name: domain_domain_id_seq; Type: SEQUENCE SET; Schema: public; Owner: user_db_ideas
--

SELECT pg_catalog.setval('public.domain_domain_id_seq', 13, true);


--
-- Name: organizations_department_id_seq; Type: SEQUENCE SET; Schema: public; Owner: user_db_ideas
--

SELECT pg_catalog.setval('public.organizations_department_id_seq', 54, true);


--
-- Name: organizations_organization_id_seq; Type: SEQUENCE SET; Schema: public; Owner: user_db_ideas
--

SELECT pg_catalog.setval('public.organizations_organization_id_seq', 16, true);


--
-- Name: queries_assignedexperts_id_seq; Type: SEQUENCE SET; Schema: public; Owner: user_db_ideas
--

SELECT pg_catalog.setval('public.queries_assignedexperts_id_seq', 29, true);


--
-- Name: queries_direction_id_seq; Type: SEQUENCE SET; Schema: public; Owner: user_db_ideas
--

SELECT pg_catalog.setval('public.queries_direction_id_seq', 25, true);


--
-- Name: queries_querycomment_id_seq; Type: SEQUENCE SET; Schema: public; Owner: user_db_ideas
--

SELECT pg_catalog.setval('public.queries_querycomment_id_seq', 19, true);


--
-- Name: queries_queryfile_id_seq; Type: SEQUENCE SET; Schema: public; Owner: user_db_ideas
--

SELECT pg_catalog.setval('public.queries_queryfile_id_seq', 57, true);


--
-- Name: queries_userquery_expert_users_id_seq; Type: SEQUENCE SET; Schema: public; Owner: user_db_ideas
--

SELECT pg_catalog.setval('public.queries_userquery_expert_users_id_seq', 179, true);


--
-- Name: queries_userquery_id_seq; Type: SEQUENCE SET; Schema: public; Owner: user_db_ideas
--

SELECT pg_catalog.setval('public.queries_userquery_id_seq', 182, true);


--
-- Name: queries_userquery_initiator_users_id_seq; Type: SEQUENCE SET; Schema: public; Owner: user_db_ideas
--

SELECT pg_catalog.setval('public.queries_userquery_initiator_users_id_seq', 180, true);


--
-- Name: queries_userquery_responsible_user_id_seq; Type: SEQUENCE SET; Schema: public; Owner: user_db_ideas
--

SELECT pg_catalog.setval('public.queries_userquery_responsible_user_id_seq', 5, true);


--
-- Name: queries_userquerydraft_id_seq; Type: SEQUENCE SET; Schema: public; Owner: user_db_ideas
--

SELECT pg_catalog.setval('public.queries_userquerydraft_id_seq', 19, true);


--
-- Name: queries_userquerydraft_initiator_users_id_seq; Type: SEQUENCE SET; Schema: public; Owner: user_db_ideas
--

SELECT pg_catalog.setval('public.queries_userquerydraft_initiator_users_id_seq', 19, true);


--
-- Name: reg_authtoken_id_seq; Type: SEQUENCE SET; Schema: public; Owner: user_db_ideas
--

SELECT pg_catalog.setval('public.reg_authtoken_id_seq', 25, true);


--
-- Name: reg_passwordchangetoken_id_seq; Type: SEQUENCE SET; Schema: public; Owner: user_db_ideas
--

SELECT pg_catalog.setval('public.reg_passwordchangetoken_id_seq', 5, true);


--
-- Name: settings_settings_id_seq; Type: SEQUENCE SET; Schema: public; Owner: user_db_ideas
--

SELECT pg_catalog.setval('public.settings_settings_id_seq', 1, false);


--
-- Name: users_user_groups_id_seq; Type: SEQUENCE SET; Schema: public; Owner: user_db_ideas
--

SELECT pg_catalog.setval('public.users_user_groups_id_seq', 68, true);


--
-- Name: users_user_id_seq; Type: SEQUENCE SET; Schema: public; Owner: user_db_ideas
--

SELECT pg_catalog.setval('public.users_user_id_seq', 24, true);


--
-- Name: users_user_likes_id_seq; Type: SEQUENCE SET; Schema: public; Owner: user_db_ideas
--

SELECT pg_catalog.setval('public.users_user_likes_id_seq', 43, true);


--
-- Name: users_user_user_permissions_id_seq; Type: SEQUENCE SET; Schema: public; Owner: user_db_ideas
--

SELECT pg_catalog.setval('public.users_user_user_permissions_id_seq', 1, false);


--
-- Name: auth_group auth_group_name_key; Type: CONSTRAINT; Schema: public; Owner: user_db_ideas
--

ALTER TABLE ONLY public.auth_group
    ADD CONSTRAINT auth_group_name_key UNIQUE (name);


--
-- Name: auth_group_permissions auth_group_permissions_group_id_permission_id_0cd325b0_uniq; Type: CONSTRAINT; Schema: public; Owner: user_db_ideas
--

ALTER TABLE ONLY public.auth_group_permissions
    ADD CONSTRAINT auth_group_permissions_group_id_permission_id_0cd325b0_uniq UNIQUE (group_id, permission_id);


--
-- Name: auth_group_permissions auth_group_permissions_pkey; Type: CONSTRAINT; Schema: public; Owner: user_db_ideas
--

ALTER TABLE ONLY public.auth_group_permissions
    ADD CONSTRAINT auth_group_permissions_pkey PRIMARY KEY (id);


--
-- Name: auth_group auth_group_pkey; Type: CONSTRAINT; Schema: public; Owner: user_db_ideas
--

ALTER TABLE ONLY public.auth_group
    ADD CONSTRAINT auth_group_pkey PRIMARY KEY (id);


--
-- Name: auth_permission auth_permission_content_type_id_codename_01ab375a_uniq; Type: CONSTRAINT; Schema: public; Owner: user_db_ideas
--

ALTER TABLE ONLY public.auth_permission
    ADD CONSTRAINT auth_permission_content_type_id_codename_01ab375a_uniq UNIQUE (content_type_id, codename);


--
-- Name: auth_permission auth_permission_pkey; Type: CONSTRAINT; Schema: public; Owner: user_db_ideas
--

ALTER TABLE ONLY public.auth_permission
    ADD CONSTRAINT auth_permission_pkey PRIMARY KEY (id);


--
-- Name: django_admin_log django_admin_log_pkey; Type: CONSTRAINT; Schema: public; Owner: user_db_ideas
--

ALTER TABLE ONLY public.django_admin_log
    ADD CONSTRAINT django_admin_log_pkey PRIMARY KEY (id);


--
-- Name: django_content_type django_content_type_app_label_model_76bd3d3b_uniq; Type: CONSTRAINT; Schema: public; Owner: user_db_ideas
--

ALTER TABLE ONLY public.django_content_type
    ADD CONSTRAINT django_content_type_app_label_model_76bd3d3b_uniq UNIQUE (app_label, model);


--
-- Name: django_content_type django_content_type_pkey; Type: CONSTRAINT; Schema: public; Owner: user_db_ideas
--

ALTER TABLE ONLY public.django_content_type
    ADD CONSTRAINT django_content_type_pkey PRIMARY KEY (id);


--
-- Name: django_migrations django_migrations_pkey; Type: CONSTRAINT; Schema: public; Owner: user_db_ideas
--

ALTER TABLE ONLY public.django_migrations
    ADD CONSTRAINT django_migrations_pkey PRIMARY KEY (id);


--
-- Name: django_session django_session_pkey; Type: CONSTRAINT; Schema: public; Owner: user_db_ideas
--

ALTER TABLE ONLY public.django_session
    ADD CONSTRAINT django_session_pkey PRIMARY KEY (session_key);


--
-- Name: domain_domain domain_domain_domain_d63e46c4_uniq; Type: CONSTRAINT; Schema: public; Owner: user_db_ideas
--

ALTER TABLE ONLY public.domain_domain
    ADD CONSTRAINT domain_domain_domain_d63e46c4_uniq UNIQUE (domain);


--
-- Name: domain_domain domain_domain_pkey; Type: CONSTRAINT; Schema: public; Owner: user_db_ideas
--

ALTER TABLE ONLY public.domain_domain
    ADD CONSTRAINT domain_domain_pkey PRIMARY KEY (id);


--
-- Name: organizations_department organizations_department_pkey; Type: CONSTRAINT; Schema: public; Owner: user_db_ideas
--

ALTER TABLE ONLY public.organizations_department
    ADD CONSTRAINT organizations_department_pkey PRIMARY KEY (id);


--
-- Name: organizations_organization organizations_organization_name_key; Type: CONSTRAINT; Schema: public; Owner: user_db_ideas
--

ALTER TABLE ONLY public.organizations_organization
    ADD CONSTRAINT organizations_organization_name_key UNIQUE (name);


--
-- Name: organizations_organization organizations_organization_pkey; Type: CONSTRAINT; Schema: public; Owner: user_db_ideas
--

ALTER TABLE ONLY public.organizations_organization
    ADD CONSTRAINT organizations_organization_pkey PRIMARY KEY (id);


--
-- Name: queries_assignedexperts queries_assignedexperts_pkey; Type: CONSTRAINT; Schema: public; Owner: user_db_ideas
--

ALTER TABLE ONLY public.queries_assignedexperts
    ADD CONSTRAINT queries_assignedexperts_pkey PRIMARY KEY (id);


--
-- Name: queries_direction queries_direction_pkey; Type: CONSTRAINT; Schema: public; Owner: user_db_ideas
--

ALTER TABLE ONLY public.queries_direction
    ADD CONSTRAINT queries_direction_pkey PRIMARY KEY (id);


--
-- Name: queries_querycomment queries_querycomment_pkey; Type: CONSTRAINT; Schema: public; Owner: user_db_ideas
--

ALTER TABLE ONLY public.queries_querycomment
    ADD CONSTRAINT queries_querycomment_pkey PRIMARY KEY (id);


--
-- Name: queries_queryfile queries_queryfile_pkey; Type: CONSTRAINT; Schema: public; Owner: user_db_ideas
--

ALTER TABLE ONLY public.queries_queryfile
    ADD CONSTRAINT queries_queryfile_pkey PRIMARY KEY (id);


--
-- Name: queries_userquery_expert_users queries_userquery_expert_userquery_id_user_id_c895b3f6_uniq; Type: CONSTRAINT; Schema: public; Owner: user_db_ideas
--

ALTER TABLE ONLY public.queries_userquery_expert_users
    ADD CONSTRAINT queries_userquery_expert_userquery_id_user_id_c895b3f6_uniq UNIQUE (userquery_id, user_id);


--
-- Name: queries_userquery_expert_users queries_userquery_expert_users_pkey; Type: CONSTRAINT; Schema: public; Owner: user_db_ideas
--

ALTER TABLE ONLY public.queries_userquery_expert_users
    ADD CONSTRAINT queries_userquery_expert_users_pkey PRIMARY KEY (id);


--
-- Name: queries_userquery_initiator_users queries_userquery_initia_userquery_id_user_id_5d209af3_uniq; Type: CONSTRAINT; Schema: public; Owner: user_db_ideas
--

ALTER TABLE ONLY public.queries_userquery_initiator_users
    ADD CONSTRAINT queries_userquery_initia_userquery_id_user_id_5d209af3_uniq UNIQUE (userquery_id, user_id);


--
-- Name: queries_userquery_initiator_users queries_userquery_initiator_users_pkey; Type: CONSTRAINT; Schema: public; Owner: user_db_ideas
--

ALTER TABLE ONLY public.queries_userquery_initiator_users
    ADD CONSTRAINT queries_userquery_initiator_users_pkey PRIMARY KEY (id);


--
-- Name: queries_userquery queries_userquery_pkey; Type: CONSTRAINT; Schema: public; Owner: user_db_ideas
--

ALTER TABLE ONLY public.queries_userquery
    ADD CONSTRAINT queries_userquery_pkey PRIMARY KEY (id);


--
-- Name: queries_userquery_responsible_user queries_userquery_respon_userquery_id_user_id_6ce8f6fb_uniq; Type: CONSTRAINT; Schema: public; Owner: user_db_ideas
--

ALTER TABLE ONLY public.queries_userquery_responsible_user
    ADD CONSTRAINT queries_userquery_respon_userquery_id_user_id_6ce8f6fb_uniq UNIQUE (userquery_id, user_id);


--
-- Name: queries_userquery_responsible_user queries_userquery_responsible_user_pkey; Type: CONSTRAINT; Schema: public; Owner: user_db_ideas
--

ALTER TABLE ONLY public.queries_userquery_responsible_user
    ADD CONSTRAINT queries_userquery_responsible_user_pkey PRIMARY KEY (id);


--
-- Name: queries_userquerydraft_initiator_users queries_userquerydraft_i_userquerydraft_id_user_i_900c8bf9_uniq; Type: CONSTRAINT; Schema: public; Owner: user_db_ideas
--

ALTER TABLE ONLY public.queries_userquerydraft_initiator_users
    ADD CONSTRAINT queries_userquerydraft_i_userquerydraft_id_user_i_900c8bf9_uniq UNIQUE (userquerydraft_id, user_id);


--
-- Name: queries_userquerydraft_initiator_users queries_userquerydraft_initiator_users_pkey; Type: CONSTRAINT; Schema: public; Owner: user_db_ideas
--

ALTER TABLE ONLY public.queries_userquerydraft_initiator_users
    ADD CONSTRAINT queries_userquerydraft_initiator_users_pkey PRIMARY KEY (id);


--
-- Name: queries_userquerydraft queries_userquerydraft_pkey; Type: CONSTRAINT; Schema: public; Owner: user_db_ideas
--

ALTER TABLE ONLY public.queries_userquerydraft
    ADD CONSTRAINT queries_userquerydraft_pkey PRIMARY KEY (id);


--
-- Name: reg_authtoken reg_authtoken_pkey; Type: CONSTRAINT; Schema: public; Owner: user_db_ideas
--

ALTER TABLE ONLY public.reg_authtoken
    ADD CONSTRAINT reg_authtoken_pkey PRIMARY KEY (id);


--
-- Name: reg_passwordchangetoken reg_passwordchangetoken_pkey; Type: CONSTRAINT; Schema: public; Owner: user_db_ideas
--

ALTER TABLE ONLY public.reg_passwordchangetoken
    ADD CONSTRAINT reg_passwordchangetoken_pkey PRIMARY KEY (id);


--
-- Name: settings_settings settings_settings_pkey; Type: CONSTRAINT; Schema: public; Owner: user_db_ideas
--

ALTER TABLE ONLY public.settings_settings
    ADD CONSTRAINT settings_settings_pkey PRIMARY KEY (id);


--
-- Name: users_user_groups users_user_groups_pkey; Type: CONSTRAINT; Schema: public; Owner: user_db_ideas
--

ALTER TABLE ONLY public.users_user_groups
    ADD CONSTRAINT users_user_groups_pkey PRIMARY KEY (id);


--
-- Name: users_user_groups users_user_groups_user_id_group_id_b88eab82_uniq; Type: CONSTRAINT; Schema: public; Owner: user_db_ideas
--

ALTER TABLE ONLY public.users_user_groups
    ADD CONSTRAINT users_user_groups_user_id_group_id_b88eab82_uniq UNIQUE (user_id, group_id);


--
-- Name: users_user_likes users_user_likes_pkey; Type: CONSTRAINT; Schema: public; Owner: user_db_ideas
--

ALTER TABLE ONLY public.users_user_likes
    ADD CONSTRAINT users_user_likes_pkey PRIMARY KEY (id);


--
-- Name: users_user_likes users_user_likes_user_id_userquery_id_732918d4_uniq; Type: CONSTRAINT; Schema: public; Owner: user_db_ideas
--

ALTER TABLE ONLY public.users_user_likes
    ADD CONSTRAINT users_user_likes_user_id_userquery_id_732918d4_uniq UNIQUE (user_id, userquery_id);


--
-- Name: users_user users_user_pkey; Type: CONSTRAINT; Schema: public; Owner: user_db_ideas
--

ALTER TABLE ONLY public.users_user
    ADD CONSTRAINT users_user_pkey PRIMARY KEY (id);


--
-- Name: users_user_user_permissions users_user_user_permissions_pkey; Type: CONSTRAINT; Schema: public; Owner: user_db_ideas
--

ALTER TABLE ONLY public.users_user_user_permissions
    ADD CONSTRAINT users_user_user_permissions_pkey PRIMARY KEY (id);


--
-- Name: users_user_user_permissions users_user_user_permissions_user_id_permission_id_43338c45_uniq; Type: CONSTRAINT; Schema: public; Owner: user_db_ideas
--

ALTER TABLE ONLY public.users_user_user_permissions
    ADD CONSTRAINT users_user_user_permissions_user_id_permission_id_43338c45_uniq UNIQUE (user_id, permission_id);


--
-- Name: users_user users_user_username_key; Type: CONSTRAINT; Schema: public; Owner: user_db_ideas
--

ALTER TABLE ONLY public.users_user
    ADD CONSTRAINT users_user_username_key UNIQUE (username);


--
-- Name: auth_group_name_a6ea08ec_like; Type: INDEX; Schema: public; Owner: user_db_ideas
--

CREATE INDEX auth_group_name_a6ea08ec_like ON public.auth_group USING btree (name varchar_pattern_ops);


--
-- Name: auth_group_permissions_group_id_b120cbf9; Type: INDEX; Schema: public; Owner: user_db_ideas
--

CREATE INDEX auth_group_permissions_group_id_b120cbf9 ON public.auth_group_permissions USING btree (group_id);


--
-- Name: auth_group_permissions_permission_id_84c5c92e; Type: INDEX; Schema: public; Owner: user_db_ideas
--

CREATE INDEX auth_group_permissions_permission_id_84c5c92e ON public.auth_group_permissions USING btree (permission_id);


--
-- Name: auth_permission_content_type_id_2f476e4b; Type: INDEX; Schema: public; Owner: user_db_ideas
--

CREATE INDEX auth_permission_content_type_id_2f476e4b ON public.auth_permission USING btree (content_type_id);


--
-- Name: django_admin_log_content_type_id_c4bce8eb; Type: INDEX; Schema: public; Owner: user_db_ideas
--

CREATE INDEX django_admin_log_content_type_id_c4bce8eb ON public.django_admin_log USING btree (content_type_id);


--
-- Name: django_admin_log_user_id_c564eba6; Type: INDEX; Schema: public; Owner: user_db_ideas
--

CREATE INDEX django_admin_log_user_id_c564eba6 ON public.django_admin_log USING btree (user_id);


--
-- Name: django_session_expire_date_a5c62663; Type: INDEX; Schema: public; Owner: user_db_ideas
--

CREATE INDEX django_session_expire_date_a5c62663 ON public.django_session USING btree (expire_date);


--
-- Name: django_session_session_key_c0390e0f_like; Type: INDEX; Schema: public; Owner: user_db_ideas
--

CREATE INDEX django_session_session_key_c0390e0f_like ON public.django_session USING btree (session_key varchar_pattern_ops);


--
-- Name: domain_domain_domain_d63e46c4_like; Type: INDEX; Schema: public; Owner: user_db_ideas
--

CREATE INDEX domain_domain_domain_d63e46c4_like ON public.domain_domain USING btree (domain varchar_pattern_ops);


--
-- Name: organizations_department_head_of_department_id_cf620389; Type: INDEX; Schema: public; Owner: user_db_ideas
--

CREATE INDEX organizations_department_head_of_department_id_cf620389 ON public.organizations_department USING btree (head_of_department_id);


--
-- Name: organizations_department_organization_id_28713c14; Type: INDEX; Schema: public; Owner: user_db_ideas
--

CREATE INDEX organizations_department_organization_id_28713c14 ON public.organizations_department USING btree (organization_id);


--
-- Name: organizations_organization_name_71edc74b_like; Type: INDEX; Schema: public; Owner: user_db_ideas
--

CREATE INDEX organizations_organization_name_71edc74b_like ON public.organizations_organization USING btree (name varchar_pattern_ops);


--
-- Name: queries_assignedexperts_direction_id_ee8838a3; Type: INDEX; Schema: public; Owner: user_db_ideas
--

CREATE INDEX queries_assignedexperts_direction_id_ee8838a3 ON public.queries_assignedexperts USING btree (direction_id);


--
-- Name: queries_assignedexperts_expert_id_7d130c2d; Type: INDEX; Schema: public; Owner: user_db_ideas
--

CREATE INDEX queries_assignedexperts_expert_id_7d130c2d ON public.queries_assignedexperts USING btree (expert_id);


--
-- Name: queries_querycomment_query_id_008859fc; Type: INDEX; Schema: public; Owner: user_db_ideas
--

CREATE INDEX queries_querycomment_query_id_008859fc ON public.queries_querycomment USING btree (query_id);


--
-- Name: queries_querycomment_user_id_2cee0b51; Type: INDEX; Schema: public; Owner: user_db_ideas
--

CREATE INDEX queries_querycomment_user_id_2cee0b51 ON public.queries_querycomment USING btree (user_id);


--
-- Name: queries_queryfile_query_draft_id_e3b950e7; Type: INDEX; Schema: public; Owner: user_db_ideas
--

CREATE INDEX queries_queryfile_query_draft_id_e3b950e7 ON public.queries_queryfile USING btree (query_draft_id);


--
-- Name: queries_queryfile_query_id_8458bb8b; Type: INDEX; Schema: public; Owner: user_db_ideas
--

CREATE INDEX queries_queryfile_query_id_8458bb8b ON public.queries_queryfile USING btree (query_id);


--
-- Name: queries_userquery_department_id_b429a556; Type: INDEX; Schema: public; Owner: user_db_ideas
--

CREATE INDEX queries_userquery_department_id_b429a556 ON public.queries_userquery USING btree (department_id);


--
-- Name: queries_userquery_expert_users_user_id_ba439054; Type: INDEX; Schema: public; Owner: user_db_ideas
--

CREATE INDEX queries_userquery_expert_users_user_id_ba439054 ON public.queries_userquery_expert_users USING btree (user_id);


--
-- Name: queries_userquery_expert_users_userquery_id_a86427f4; Type: INDEX; Schema: public; Owner: user_db_ideas
--

CREATE INDEX queries_userquery_expert_users_userquery_id_a86427f4 ON public.queries_userquery_expert_users USING btree (userquery_id);


--
-- Name: queries_userquery_initiative_direction_id_0eb4947d; Type: INDEX; Schema: public; Owner: user_db_ideas
--

CREATE INDEX queries_userquery_initiative_direction_id_0eb4947d ON public.queries_userquery USING btree (initiative_direction_id);


--
-- Name: queries_userquery_initiator_users_user_id_4d99b577; Type: INDEX; Schema: public; Owner: user_db_ideas
--

CREATE INDEX queries_userquery_initiator_users_user_id_4d99b577 ON public.queries_userquery_initiator_users USING btree (user_id);


--
-- Name: queries_userquery_initiator_users_userquery_id_2d8be163; Type: INDEX; Schema: public; Owner: user_db_ideas
--

CREATE INDEX queries_userquery_initiator_users_userquery_id_2d8be163 ON public.queries_userquery_initiator_users USING btree (userquery_id);


--
-- Name: queries_userquery_organization_id_b091856a; Type: INDEX; Schema: public; Owner: user_db_ideas
--

CREATE INDEX queries_userquery_organization_id_b091856a ON public.queries_userquery USING btree (organization_id);


--
-- Name: queries_userquery_responsible_user_user_id_d3b7bee3; Type: INDEX; Schema: public; Owner: user_db_ideas
--

CREATE INDEX queries_userquery_responsible_user_user_id_d3b7bee3 ON public.queries_userquery_responsible_user USING btree (user_id);


--
-- Name: queries_userquery_responsible_user_userquery_id_89e1cf2e; Type: INDEX; Schema: public; Owner: user_db_ideas
--

CREATE INDEX queries_userquery_responsible_user_userquery_id_89e1cf2e ON public.queries_userquery_responsible_user USING btree (userquery_id);


--
-- Name: queries_userquerydraft_ini_userquerydraft_id_14415726; Type: INDEX; Schema: public; Owner: user_db_ideas
--

CREATE INDEX queries_userquerydraft_ini_userquerydraft_id_14415726 ON public.queries_userquerydraft_initiator_users USING btree (userquerydraft_id);


--
-- Name: queries_userquerydraft_initiative_direction_id_2f547d18; Type: INDEX; Schema: public; Owner: user_db_ideas
--

CREATE INDEX queries_userquerydraft_initiative_direction_id_2f547d18 ON public.queries_userquerydraft USING btree (initiative_direction_id);


--
-- Name: queries_userquerydraft_initiator_users_user_id_4f980585; Type: INDEX; Schema: public; Owner: user_db_ideas
--

CREATE INDEX queries_userquerydraft_initiator_users_user_id_4f980585 ON public.queries_userquerydraft_initiator_users USING btree (user_id);


--
-- Name: queries_userquerydraft_organization_id_14b0b881; Type: INDEX; Schema: public; Owner: user_db_ideas
--

CREATE INDEX queries_userquerydraft_organization_id_14b0b881 ON public.queries_userquerydraft USING btree (organization_id);


--
-- Name: users_user_department_id_626c0154; Type: INDEX; Schema: public; Owner: user_db_ideas
--

CREATE INDEX users_user_department_id_626c0154 ON public.users_user USING btree (department_id);


--
-- Name: users_user_groups_group_id_9afc8d0e; Type: INDEX; Schema: public; Owner: user_db_ideas
--

CREATE INDEX users_user_groups_group_id_9afc8d0e ON public.users_user_groups USING btree (group_id);


--
-- Name: users_user_groups_user_id_5f6f5a90; Type: INDEX; Schema: public; Owner: user_db_ideas
--

CREATE INDEX users_user_groups_user_id_5f6f5a90 ON public.users_user_groups USING btree (user_id);


--
-- Name: users_user_likes_user_id_f1eb82ca; Type: INDEX; Schema: public; Owner: user_db_ideas
--

CREATE INDEX users_user_likes_user_id_f1eb82ca ON public.users_user_likes USING btree (user_id);


--
-- Name: users_user_likes_userquery_id_4718edb5; Type: INDEX; Schema: public; Owner: user_db_ideas
--

CREATE INDEX users_user_likes_userquery_id_4718edb5 ON public.users_user_likes USING btree (userquery_id);


--
-- Name: users_user_user_permissions_permission_id_0b93982e; Type: INDEX; Schema: public; Owner: user_db_ideas
--

CREATE INDEX users_user_user_permissions_permission_id_0b93982e ON public.users_user_user_permissions USING btree (permission_id);


--
-- Name: users_user_user_permissions_user_id_20aca447; Type: INDEX; Schema: public; Owner: user_db_ideas
--

CREATE INDEX users_user_user_permissions_user_id_20aca447 ON public.users_user_user_permissions USING btree (user_id);


--
-- Name: users_user_username_06e46fe6_like; Type: INDEX; Schema: public; Owner: user_db_ideas
--

CREATE INDEX users_user_username_06e46fe6_like ON public.users_user USING btree (username varchar_pattern_ops);


--
-- Name: auth_group_permissions auth_group_permissio_permission_id_84c5c92e_fk_auth_perm; Type: FK CONSTRAINT; Schema: public; Owner: user_db_ideas
--

ALTER TABLE ONLY public.auth_group_permissions
    ADD CONSTRAINT auth_group_permissio_permission_id_84c5c92e_fk_auth_perm FOREIGN KEY (permission_id) REFERENCES public.auth_permission(id) DEFERRABLE INITIALLY DEFERRED;


--
-- Name: auth_group_permissions auth_group_permissions_group_id_b120cbf9_fk_auth_group_id; Type: FK CONSTRAINT; Schema: public; Owner: user_db_ideas
--

ALTER TABLE ONLY public.auth_group_permissions
    ADD CONSTRAINT auth_group_permissions_group_id_b120cbf9_fk_auth_group_id FOREIGN KEY (group_id) REFERENCES public.auth_group(id) DEFERRABLE INITIALLY DEFERRED;


--
-- Name: auth_permission auth_permission_content_type_id_2f476e4b_fk_django_co; Type: FK CONSTRAINT; Schema: public; Owner: user_db_ideas
--

ALTER TABLE ONLY public.auth_permission
    ADD CONSTRAINT auth_permission_content_type_id_2f476e4b_fk_django_co FOREIGN KEY (content_type_id) REFERENCES public.django_content_type(id) DEFERRABLE INITIALLY DEFERRED;


--
-- Name: django_admin_log django_admin_log_content_type_id_c4bce8eb_fk_django_co; Type: FK CONSTRAINT; Schema: public; Owner: user_db_ideas
--

ALTER TABLE ONLY public.django_admin_log
    ADD CONSTRAINT django_admin_log_content_type_id_c4bce8eb_fk_django_co FOREIGN KEY (content_type_id) REFERENCES public.django_content_type(id) DEFERRABLE INITIALLY DEFERRED;


--
-- Name: django_admin_log django_admin_log_user_id_c564eba6_fk_users_user_id; Type: FK CONSTRAINT; Schema: public; Owner: user_db_ideas
--

ALTER TABLE ONLY public.django_admin_log
    ADD CONSTRAINT django_admin_log_user_id_c564eba6_fk_users_user_id FOREIGN KEY (user_id) REFERENCES public.users_user(id) DEFERRABLE INITIALLY DEFERRED;


--
-- Name: organizations_department organizations_depart_head_of_department_i_cf620389_fk_users_use; Type: FK CONSTRAINT; Schema: public; Owner: user_db_ideas
--

ALTER TABLE ONLY public.organizations_department
    ADD CONSTRAINT organizations_depart_head_of_department_i_cf620389_fk_users_use FOREIGN KEY (head_of_department_id) REFERENCES public.users_user(id) DEFERRABLE INITIALLY DEFERRED;


--
-- Name: organizations_department organizations_depart_organization_id_28713c14_fk_organizat; Type: FK CONSTRAINT; Schema: public; Owner: user_db_ideas
--

ALTER TABLE ONLY public.organizations_department
    ADD CONSTRAINT organizations_depart_organization_id_28713c14_fk_organizat FOREIGN KEY (organization_id) REFERENCES public.organizations_organization(id) DEFERRABLE INITIALLY DEFERRED;


--
-- Name: queries_assignedexperts queries_assignedexpe_direction_id_ee8838a3_fk_queries_d; Type: FK CONSTRAINT; Schema: public; Owner: user_db_ideas
--

ALTER TABLE ONLY public.queries_assignedexperts
    ADD CONSTRAINT queries_assignedexpe_direction_id_ee8838a3_fk_queries_d FOREIGN KEY (direction_id) REFERENCES public.queries_direction(id) DEFERRABLE INITIALLY DEFERRED;


--
-- Name: queries_assignedexperts queries_assignedexperts_expert_id_7d130c2d_fk_users_user_id; Type: FK CONSTRAINT; Schema: public; Owner: user_db_ideas
--

ALTER TABLE ONLY public.queries_assignedexperts
    ADD CONSTRAINT queries_assignedexperts_expert_id_7d130c2d_fk_users_user_id FOREIGN KEY (expert_id) REFERENCES public.users_user(id) DEFERRABLE INITIALLY DEFERRED;


--
-- Name: queries_querycomment queries_querycomment_query_id_008859fc_fk_queries_userquery_id; Type: FK CONSTRAINT; Schema: public; Owner: user_db_ideas
--

ALTER TABLE ONLY public.queries_querycomment
    ADD CONSTRAINT queries_querycomment_query_id_008859fc_fk_queries_userquery_id FOREIGN KEY (query_id) REFERENCES public.queries_userquery(id) DEFERRABLE INITIALLY DEFERRED;


--
-- Name: queries_querycomment queries_querycomment_user_id_2cee0b51_fk_users_user_id; Type: FK CONSTRAINT; Schema: public; Owner: user_db_ideas
--

ALTER TABLE ONLY public.queries_querycomment
    ADD CONSTRAINT queries_querycomment_user_id_2cee0b51_fk_users_user_id FOREIGN KEY (user_id) REFERENCES public.users_user(id) DEFERRABLE INITIALLY DEFERRED;


--
-- Name: queries_queryfile queries_queryfile_query_draft_id_e3b950e7_fk_queries_u; Type: FK CONSTRAINT; Schema: public; Owner: user_db_ideas
--

ALTER TABLE ONLY public.queries_queryfile
    ADD CONSTRAINT queries_queryfile_query_draft_id_e3b950e7_fk_queries_u FOREIGN KEY (query_draft_id) REFERENCES public.queries_userquerydraft(id) DEFERRABLE INITIALLY DEFERRED;


--
-- Name: queries_queryfile queries_queryfile_query_id_8458bb8b_fk_queries_userquery_id; Type: FK CONSTRAINT; Schema: public; Owner: user_db_ideas
--

ALTER TABLE ONLY public.queries_queryfile
    ADD CONSTRAINT queries_queryfile_query_id_8458bb8b_fk_queries_userquery_id FOREIGN KEY (query_id) REFERENCES public.queries_userquery(id) DEFERRABLE INITIALLY DEFERRED;


--
-- Name: queries_userquery queries_userquery_department_id_b429a556_fk_organizat; Type: FK CONSTRAINT; Schema: public; Owner: user_db_ideas
--

ALTER TABLE ONLY public.queries_userquery
    ADD CONSTRAINT queries_userquery_department_id_b429a556_fk_organizat FOREIGN KEY (department_id) REFERENCES public.organizations_department(id) DEFERRABLE INITIALLY DEFERRED;


--
-- Name: queries_userquery_expert_users queries_userquery_ex_user_id_ba439054_fk_users_use; Type: FK CONSTRAINT; Schema: public; Owner: user_db_ideas
--

ALTER TABLE ONLY public.queries_userquery_expert_users
    ADD CONSTRAINT queries_userquery_ex_user_id_ba439054_fk_users_use FOREIGN KEY (user_id) REFERENCES public.users_user(id) DEFERRABLE INITIALLY DEFERRED;


--
-- Name: queries_userquery_expert_users queries_userquery_ex_userquery_id_a86427f4_fk_queries_u; Type: FK CONSTRAINT; Schema: public; Owner: user_db_ideas
--

ALTER TABLE ONLY public.queries_userquery_expert_users
    ADD CONSTRAINT queries_userquery_ex_userquery_id_a86427f4_fk_queries_u FOREIGN KEY (userquery_id) REFERENCES public.queries_userquery(id) DEFERRABLE INITIALLY DEFERRED;


--
-- Name: queries_userquery_initiator_users queries_userquery_in_user_id_4d99b577_fk_users_use; Type: FK CONSTRAINT; Schema: public; Owner: user_db_ideas
--

ALTER TABLE ONLY public.queries_userquery_initiator_users
    ADD CONSTRAINT queries_userquery_in_user_id_4d99b577_fk_users_use FOREIGN KEY (user_id) REFERENCES public.users_user(id) DEFERRABLE INITIALLY DEFERRED;


--
-- Name: queries_userquery_initiator_users queries_userquery_in_userquery_id_2d8be163_fk_queries_u; Type: FK CONSTRAINT; Schema: public; Owner: user_db_ideas
--

ALTER TABLE ONLY public.queries_userquery_initiator_users
    ADD CONSTRAINT queries_userquery_in_userquery_id_2d8be163_fk_queries_u FOREIGN KEY (userquery_id) REFERENCES public.queries_userquery(id) DEFERRABLE INITIALLY DEFERRED;


--
-- Name: queries_userquery queries_userquery_initiative_direction_0eb4947d_fk_queries_d; Type: FK CONSTRAINT; Schema: public; Owner: user_db_ideas
--

ALTER TABLE ONLY public.queries_userquery
    ADD CONSTRAINT queries_userquery_initiative_direction_0eb4947d_fk_queries_d FOREIGN KEY (initiative_direction_id) REFERENCES public.queries_direction(id) DEFERRABLE INITIALLY DEFERRED;


--
-- Name: queries_userquery queries_userquery_organization_id_b091856a_fk_organizat; Type: FK CONSTRAINT; Schema: public; Owner: user_db_ideas
--

ALTER TABLE ONLY public.queries_userquery
    ADD CONSTRAINT queries_userquery_organization_id_b091856a_fk_organizat FOREIGN KEY (organization_id) REFERENCES public.organizations_organization(id) DEFERRABLE INITIALLY DEFERRED;


--
-- Name: queries_userquery_responsible_user queries_userquery_re_user_id_d3b7bee3_fk_users_use; Type: FK CONSTRAINT; Schema: public; Owner: user_db_ideas
--

ALTER TABLE ONLY public.queries_userquery_responsible_user
    ADD CONSTRAINT queries_userquery_re_user_id_d3b7bee3_fk_users_use FOREIGN KEY (user_id) REFERENCES public.users_user(id) DEFERRABLE INITIALLY DEFERRED;


--
-- Name: queries_userquery_responsible_user queries_userquery_re_userquery_id_89e1cf2e_fk_queries_u; Type: FK CONSTRAINT; Schema: public; Owner: user_db_ideas
--

ALTER TABLE ONLY public.queries_userquery_responsible_user
    ADD CONSTRAINT queries_userquery_re_userquery_id_89e1cf2e_fk_queries_u FOREIGN KEY (userquery_id) REFERENCES public.queries_userquery(id) DEFERRABLE INITIALLY DEFERRED;


--
-- Name: queries_userquerydraft queries_userquerydra_initiative_direction_2f547d18_fk_queries_d; Type: FK CONSTRAINT; Schema: public; Owner: user_db_ideas
--

ALTER TABLE ONLY public.queries_userquerydraft
    ADD CONSTRAINT queries_userquerydra_initiative_direction_2f547d18_fk_queries_d FOREIGN KEY (initiative_direction_id) REFERENCES public.queries_direction(id) DEFERRABLE INITIALLY DEFERRED;


--
-- Name: queries_userquerydraft queries_userquerydra_organization_id_14b0b881_fk_organizat; Type: FK CONSTRAINT; Schema: public; Owner: user_db_ideas
--

ALTER TABLE ONLY public.queries_userquerydraft
    ADD CONSTRAINT queries_userquerydra_organization_id_14b0b881_fk_organizat FOREIGN KEY (organization_id) REFERENCES public.organizations_organization(id) DEFERRABLE INITIALLY DEFERRED;


--
-- Name: queries_userquerydraft_initiator_users queries_userquerydra_user_id_4f980585_fk_users_use; Type: FK CONSTRAINT; Schema: public; Owner: user_db_ideas
--

ALTER TABLE ONLY public.queries_userquerydraft_initiator_users
    ADD CONSTRAINT queries_userquerydra_user_id_4f980585_fk_users_use FOREIGN KEY (user_id) REFERENCES public.users_user(id) DEFERRABLE INITIALLY DEFERRED;


--
-- Name: queries_userquerydraft_initiator_users queries_userquerydra_userquerydraft_id_14415726_fk_queries_u; Type: FK CONSTRAINT; Schema: public; Owner: user_db_ideas
--

ALTER TABLE ONLY public.queries_userquerydraft_initiator_users
    ADD CONSTRAINT queries_userquerydra_userquerydraft_id_14415726_fk_queries_u FOREIGN KEY (userquerydraft_id) REFERENCES public.queries_userquerydraft(id) DEFERRABLE INITIALLY DEFERRED;


--
-- Name: users_user users_user_department_id_626c0154_fk_organizat; Type: FK CONSTRAINT; Schema: public; Owner: user_db_ideas
--

ALTER TABLE ONLY public.users_user
    ADD CONSTRAINT users_user_department_id_626c0154_fk_organizat FOREIGN KEY (department_id) REFERENCES public.organizations_department(id) DEFERRABLE INITIALLY DEFERRED;


--
-- Name: users_user_groups users_user_groups_group_id_9afc8d0e_fk_auth_group_id; Type: FK CONSTRAINT; Schema: public; Owner: user_db_ideas
--

ALTER TABLE ONLY public.users_user_groups
    ADD CONSTRAINT users_user_groups_group_id_9afc8d0e_fk_auth_group_id FOREIGN KEY (group_id) REFERENCES public.auth_group(id) DEFERRABLE INITIALLY DEFERRED;


--
-- Name: users_user_groups users_user_groups_user_id_5f6f5a90_fk_users_user_id; Type: FK CONSTRAINT; Schema: public; Owner: user_db_ideas
--

ALTER TABLE ONLY public.users_user_groups
    ADD CONSTRAINT users_user_groups_user_id_5f6f5a90_fk_users_user_id FOREIGN KEY (user_id) REFERENCES public.users_user(id) DEFERRABLE INITIALLY DEFERRED;


--
-- Name: users_user_likes users_user_likes_user_id_f1eb82ca_fk_users_user_id; Type: FK CONSTRAINT; Schema: public; Owner: user_db_ideas
--

ALTER TABLE ONLY public.users_user_likes
    ADD CONSTRAINT users_user_likes_user_id_f1eb82ca_fk_users_user_id FOREIGN KEY (user_id) REFERENCES public.users_user(id) DEFERRABLE INITIALLY DEFERRED;


--
-- Name: users_user_likes users_user_likes_userquery_id_4718edb5_fk_queries_userquery_id; Type: FK CONSTRAINT; Schema: public; Owner: user_db_ideas
--

ALTER TABLE ONLY public.users_user_likes
    ADD CONSTRAINT users_user_likes_userquery_id_4718edb5_fk_queries_userquery_id FOREIGN KEY (userquery_id) REFERENCES public.queries_userquery(id) DEFERRABLE INITIALLY DEFERRED;


--
-- Name: users_user_user_permissions users_user_user_perm_permission_id_0b93982e_fk_auth_perm; Type: FK CONSTRAINT; Schema: public; Owner: user_db_ideas
--

ALTER TABLE ONLY public.users_user_user_permissions
    ADD CONSTRAINT users_user_user_perm_permission_id_0b93982e_fk_auth_perm FOREIGN KEY (permission_id) REFERENCES public.auth_permission(id) DEFERRABLE INITIALLY DEFERRED;


--
-- Name: users_user_user_permissions users_user_user_permissions_user_id_20aca447_fk_users_user_id; Type: FK CONSTRAINT; Schema: public; Owner: user_db_ideas
--

ALTER TABLE ONLY public.users_user_user_permissions
    ADD CONSTRAINT users_user_user_permissions_user_id_20aca447_fk_users_user_id FOREIGN KEY (user_id) REFERENCES public.users_user(id) DEFERRABLE INITIALLY DEFERRED;


--
-- PostgreSQL database dump complete
--

